sample_id	1	2	3
7796806090_R04C01	-7.983604806193279	2.6807665313273077	5.093275738597083
6285633051_R04C01	-3.997008361712396	-2.892941612492256	4.080041457202065
9993943017_R04C02	0.44407946007834476	-1.1415184457909386	-2.552099688461926
7796806090_R03C01	-8.680382771299735	10.08273157739192	1.6439866536324175
3999997079_R01C02	8.478680107891353	3.994942844653471	-10.624722711764967
7796806055_R02C01	-8.755481411057742	1.4629163069534912	6.736099190891028
7796806109_R05C01	-9.164738443344104	-5.046269903784718	-10.082835683152801
7796806090_R05C01	6.787409196616326	-12.544751070362041	2.498966989731813
9283265058_R05C02	9.800435989234826	5.265578017880618	-3.1781201796009912
9422491072_R06C02	-5.123902458880883	11.009133220236757	2.3470319620417226
6005486021_R06C01	-13.125578037047317	9.19433968623792	4.0428966054097115
9422491072_R06C01	4.131660573212366	-7.438663374956772	-10.931761217660217
9283265077_R01C02	-9.568632992137156	7.4572484578459175	4.969143379450068
6057833101_R04C01	-8.090163419857792	-3.9712436115526013	2.750526533576655
9305216146_R06C01	-8.248826428193928	3.1457319887609723	7.463769495486108
9305216132_R02C02	-5.341734568425568	-8.633046201966371	-2.2163648276978143
9993943017_R01C01	-0.5422402300279564	-8.063435713341184	7.588124248106874
9305216132_R04C02	8.726024089451265	10.686322909471436	-0.22232562618553245
9422492113_R03C01	0.2715616107995614	0.29112925201751677	10.209786254467325
8784241071_R01C01	-7.716999460719155	5.709835536740446	8.63025848180258
9422491072_R02C02	-7.762618566298311	9.390268724322906	2.8966882215051015
6004791020_R01C01	8.9340774567465	-3.5864345749157978	-6.26889577098746
9283265014_R01C01	-2.239512839801976	-13.060412967823202	3.7944073379915837
9630789227_R01C02	3.6110976364259946	0.35088535580981783	9.870375995524173
9993943017_R04C01	-6.572516639047808	4.919524182379936	5.5761185525753225
8784241071_R02C01	-10.309245477147883	-6.228284006819453	0.3919899543421714
9426020160_R04C01	-7.432884072433238	-4.302977534243415	-2.504266626098743
8784241071_R02C02	-9.552424303843164	-5.617044749725891	-0.1982065852516509
8784241036_R04C02	-7.830775227359798	-5.386829624189865	-6.311152752471034
9283265014_R04C02	9.112090651116926	-5.859028192661621	7.657369955281722
9993943013_R02C02	4.040476283267493	-5.845247045310436	1.3645740863868894
9630789239_R02C01	14.232194923299389	-4.206136153255135	-0.026261626832382323
9993943013_R03C02	2.989765651973414	4.626967369606711	-11.044466504850966
8784241046_R05C01	1.6374594182856295	4.4868036445120945	-10.991391494970907
8784241071_R03C01	-4.901633053738487	-4.001756423185532	-3.0875021503019697
9283265077_R05C01	-0.2267191294893532	-7.474617189758339	-9.158581517020938
9283265058_R06C02	2.8913358484158342	-1.5489363506453888	-8.43385755150239
9305216146_R05C02	-1.9861969223003408	7.342649229111193	12.488324608238448
9283265077_R02C01	-8.78457717389302	4.898782859446694	10.62975355433448
9305216132_R03C02	-10.142631804724598	8.656169753790564	0.19680303699673088
6042324072_R02C01	-11.966192819667981	2.318131094101226	8.055048236838063
9283265077_R04C02	0.222263348849344	16.193438423919865	1.5649539699791712
9305216147_R02C01	-1.9533323627092345	2.68021175790433	6.144772064157407
9422491072_R01C02	10.03658385121981	1.6170908118538025	-6.4296380607877435
7796806088_R01C02	0.8661807511797627	-0.8108038697210994	9.985498624963723
9283265077_R06C01	-8.91196855502307	-7.334463752330734	-4.931880954955693
7796806088_R05C02	-2.83789325869712	0.0877241027138157	4.299386199690648
9422491072_R03C01	-5.979206000612113	2.0042493234452867	12.284038279864271
7796806088_R06C02	-10.022147658727647	10.012363271837268	1.988273241940218
7796806088_R06C01	-11.915274542451108	5.740407654248497	11.32479598556698
9283265014_R03C01	-4.769242817113041	14.905693100320693	-1.7477419128900842
9422491074_R02C01	-6.935084442525	6.876495079164468	0.12166025859383404
9426020160_R05C01	17.5255767420443	-3.95171896183584	9.549720906118178
8784241046_R06C01	-7.558533928879714	14.49341785593344	8.789698215194653
8784241036_R03C02	-3.5564871858255205	15.681994161149092	2.948304524076476
9305216146_R04C01	-7.372107121739709	2.2796442423062273	6.882380117935304
8784241046_R02C01	-9.62369531958037	7.846495528844128	2.8074132360754165
8784241046_R06C02	16.728634396444455	13.038008099868637	0.16338406436944827
8784241059_R05C02	6.796406173922058	6.451047676986428	-12.466473746454056
9630789239_R01C01	0.9248128255873347	10.685600150719651	9.838368728303093
9305216132_R05C01	-5.112169397334604	-1.0225785659392284	0.5886574897353072
9422492089_R01C02	6.463816884606201	6.071914046478648	2.0616584155934734
9993943013_R05C02	-4.210538048202556	16.065798141341357	6.947329463996372
9993943017_R02C02	5.801144702507408	-9.57228614885774	-0.047440884669606186
9422491074_R05C01	9.47920174220463	-2.033466815226269	-1.4372759563405788
9283265077_R03C02	-4.278331668422717	6.631094669349362	13.756177515782884
9422491072_R02C01	-8.806102874344209	6.070398958452716	9.528996427587144
9993943017_R02C01	8.497930895844366	0.6748424820055788	7.898475525885587
9283265014_R05C02	-4.46444262855938	3.253673100489731	7.52191603970053
7796806055_R05C01	9.022774814857376	-7.721758164810322	-5.876917076903763
9993943005_R01C01	-0.40214536488275554	1.3383216906813162	-0.9166662542856543
6042324070_R03C01	-7.220199751692706	-6.148515051055071	6.6507197723179505
7796806103_R03C02	11.980069734434778	-8.856375804610161	-2.8240988474377398
7796806109_R06C01	0.38836698991500335	-1.4311018724051219	6.90032356414003
9630789227_R04C02	-7.259421856075532	-7.809244432028592	-5.982794526065827
3999997079_R05C01	-0.25892199535502985	-4.109120103905058	0.2703059951831536
9283265077_R02C02	5.125701403058477	-5.4353613363552755	1.8164806205163135
9283265077_R01C01	-0.4807251765519785	3.076191941368628	5.1765411342498036
8784241059_R01C02	2.2332389522529863	-12.338120775596218	4.431943818441918
8784241059_R06C02	11.984376111209915	-0.9444143929699118	-0.5679123755167167
8784241036_R02C02	0.6241406049459083	-13.958821213262663	2.6267612563826988
9422491074_R04C01	-5.496569959284296	1.2206339909968775	6.585241335593226
9283265014_R02C02	22.59297190504975	9.16154955709053	-6.638124376825028
7796806109_R04C01	-9.972378071751393	5.069889737660936	6.86369045012719
9422492113_R06C01	-9.272411867564417	3.152715406941526	1.7482649887914867
9305216146_R01C02	16.72185827085242	-5.519840969434065	-1.1314349740506413
8784241046_R03C01	1.508605107111813	3.86290964138629	-11.948239106112993
7796806109_R02C01	10.895394745592858	6.352849332567623	-12.39504359721455
9993943013_R04C02	5.858940883132083	-7.244078265169771	14.4958617110558
9422492089_R03C02	3.375949354747495	-14.453860929141397	0.7809337473108234
9305216132_R06C01	6.966899399782744	-7.633171755025032	2.072324403605757
8784241036_R05C02	-0.48467003494836686	9.92327538896089	3.324454403629195
7796806055_R04C01	3.924245370304193	-5.9372759841578695	-7.471870469987643
8784241046_R01C02	-7.963251574331835	5.81086669152724	-1.1345648735827225
3999997079_R02C01	-8.534888875403386	2.573956311891198	-10.542893407994436
7796806032_R03C02	-1.6057638677568338	14.521128210402917	-2.4641151543181317
9283265014_R03C02	12.606399037013942	-9.1488867073448	0.4585152975944959
7796806088_R04C02	-10.48575858496531	1.33462980166024	-6.225210998332341
9422491072_R03C02	3.034197840479641	-1.2713343754721014	-11.497633111605367
7796806055_R01C01	-5.9491730656903	6.8418337587067946	2.906035029985525
9422491074_R01C01	-1.2079700220902594	7.836421837295529	8.090234849152859
9426020160_R01C02	7.1395618438026895	10.332582716887291	4.314489437314116
7796806090_R02C01	-7.285500507817943	7.826934758133358	8.899964903007328
9305216132_R06C02	-10.166262539920766	10.020745019886988	4.604387391957019
9993943013_R01C02	7.802466548397905	6.636470922352517	4.822011096798422
9993943017_R06C02	-8.061143644963662	12.376162609930711	7.399526880492423
9993943017_R03C02	0.7449978161955366	1.3697132219221668	7.042618129488901
7796806090_R06C01	-5.052263490722895	14.88513531601044	1.9860451005598865
8784241036_R05C01	-2.0391259444975938	4.5619948244119195	-0.5874205870819637
9993943005_R02C02	5.76506068284159	1.7469964193511527	8.379014325235266
9993943013_R01C01	-9.768684325532652	6.187787348657827	0.7655829738904645
3999997079_R03C01	0.48737380050162515	-1.1286263953939646	13.98849239190194
9305216146_R02C02	-9.563066738874289	8.49394441030509	4.052120961538928
9283265077_R06C02	13.746110126652207	1.4970248701532416	-5.370941702888617
9426020160_R04C02	1.348553192537879	-8.402712025607059	5.7265145631105465
9993943017_R03C01	-3.076876863996267	16.33889056568864	4.018451624379971
8784241036_R06C01	-0.9361710283683331	3.385726992930954	-0.7495623231584884
8784241036_R03C01	-6.153881261066013	-6.259063901194776	-5.250065309834456
9283265014_R04C01	-1.8555479332188087	-7.341811753163915	2.104699692482729
9422491072_R04C02	-6.379094178109187	-3.4361131172925963	-0.631545010170926
7796806032_R05C02	-6.980480142123135	-6.001220777382468	0.5074246863403373
7796806088_R03C02	-1.7525621898416237	1.7251869183639439	10.807159510319712
7796806090_R01C02	4.683550888043975	-10.599963317076845	2.7400210498978774
9426020160_R05C02	1.532773087600113	-10.012711256501667	-8.867806155259569
7796806103_R05C02	-7.771432098286384	-1.4147672400352211	5.548138348589217
9426020160_R02C01	-7.0719837117722095	-5.071007526987207	-1.1597221291989857
9305216146_R02C01	-6.145102711798286	-9.675559154519604	-1.3336818259308931
8784241071_R03C02	-1.3741392205360343	-4.022213528833404	7.811689526739601
7796806103_R01C02	-5.279737477316692	-5.317357639184064	-2.501011886550922
8784241046_R04C01	-6.275817153632583	-11.13703502427927	6.587036816115185
9305216146_R04C02	4.066143868288606	-2.7733076106481382	-9.335584289568928
9283265058_R04C02	-3.5559739079972688	-9.62602652221036	7.14915938249594
9305216146_R06C02	-2.5368934258371447	-7.517159280983869	-5.177403407411029
9630789227_R06C02	-0.0863028248180655	5.2763644344022165	-1.210188914960387
7796806103_R05C01	5.839902657720805	-14.838253063535712	-1.2661666788765489
6285633051_R03C01	12.858343375211827	-6.920308731616828	-3.832386424333958
7796806032_R04C02	-6.555624608021515	-4.466201524051327	-3.824939665442703
9283265077_R04C01	-3.48586792621597	1.1772072211223357	-6.239937875222842
7796806103_R06C01	5.755803095847654	-1.4441146154529494	-2.077709941633979
6285633051_R05C01	4.09842354563817	-8.866060873265473	11.786030113723212
9426020160_R06C01	1.5370037772514624	14.908698674872433	-1.3128902544027325
3999997079_R06C01	5.233689997701264	-9.232182495112587	8.783112069792395
6042324005_R02C02	-6.72567670113557	9.687453242522444	4.243763558516079
9422492113_R05C01	10.50596618586012	-7.128870140843359	8.474084002096092
9630789227_R03C02	6.489904928332455	0.6799761345546613	5.8989425949287
9993943017_R01C02	-1.1210928225485375	10.4097316127898	-2.8072490822943093
6005486014_R02C02	7.590337488633233	9.133631240749619	-10.404896889483696
6026818132_R05C02	-5.304861872195851	-0.5402149502110374	8.579519847538238
7796806103_R01C01	-5.093748749720851	12.882992617365618	3.941668731278613
6057833134_R04C01	7.215083376995185	10.060635384095214	-6.337861146540104
7796806032_R06C02	-5.555506313908498	7.19467370230904	10.007788758278489
9283265014_R05C01	4.93436904165341	-0.20797924215283528	-3.9509231430607907
9283265014_R06C01	17.868763233069625	2.311671386667646	-6.266675512180374
3999997079_R04C01	18.47090422843112	9.363586714299238	-6.144469759876067
6285633051_R04C02	-9.557060969636145	-5.416074420382027	-3.5450714785474973
7796806032_R02C02	-6.02210756998929	-5.554827651451625	-0.8863794962138566
8784241071_R04C02	-10.268790051777238	-4.220625830545828	-12.17557911790072
6285633051_R06C02	-4.27635005183463	-3.442282668224619	1.9071958316323792
9630789227_R05C01	-9.11298826026016	-6.737163355622839	4.6784971636494355
9630789227_R06C01	-9.039133534053015	-3.3469859710168066	0.3261707384896443
9993943013_R02C01	0.2692505975895158	-1.5465907499661726	-1.5709316217907854
8784241059_R02C02	2.7880582495827984	-11.588779980755247	3.5049423313259225
7796806109_R01C01	0.11737866781245128	-1.8656683160262606	-9.924559741235576
9993943005_R04C02	-1.694103509904242	-7.313885937811868	9.149903756525811
6005486013_R01C01	1.9554769376879813	-7.602098382896486	0.24313666195431816
9426020160_R01C01	-3.186451074156278	-3.2241277926022387	8.03465627180284
8784241036_R06C02	4.6169170509846555	1.5286042171932193	-8.177345055029111
7796806103_R02C01	2.3527650905242794	-12.231856510844874	-8.367693561149151
9993943017_R06C01	-2.4351578743317295	1.6261722882610228	-0.9040667068373032
8784241046_R01C01	-1.725583240429968	-8.97062009421714	6.427785050848139
8784241046_R03C02	16.962938359983188	4.464605125933698	0.30030364930738057
8784241036_R04C01	8.690964140084397	-6.7410886831648265	6.413651978605281
6285633051_R01C01	6.843973433321944	6.118391838747114	-5.2093756247621
7796806103_R06C02	-3.593997611950445	-2.3805655524592995	1.9008619717292228
9630789227_R05C02	-5.722432194785538	3.1455915048087792	6.019164829395909
9426020160_R03C02	4.531489605618757	2.8253771059477324	-2.0115352126579067
9305216146_R05C01	-6.173964755243057	2.702974068762476	7.596439193375963
9630789227_R02C02	-7.877200460690299	6.926025427340531	6.909360991802478
9305216132_R05C02	10.252402331091423	-3.1150314629389664	9.368818867730534
3999997079_R03C02	-4.958217624501515	8.775029444315576	3.6022722531323805
6285633051_R02C02	-0.8761395810947058	10.431399145315929	2.6469946269967632
9422492089_R06C02	18.46224700931046	7.102472264640545	-3.32998477891213
9305216146_R01C01	-5.46865560815478	-7.158302588508276	-3.8222099159351983
9426020160_R03C01	-2.1010616397420576	-3.2844829833054954	8.987985612029037
6057833057_R03C02	-11.81817520069591	-3.8091412001290488	-1.2352349498618556
6285633051_R06C01	-1.218318752741805	1.1236180526405286	12.023496466905232
9993943013_R06C01	10.868563920165464	-5.961491931446415	11.637278595099692
9283265014_R02C01	-1.35530703285474	-8.998415267404912	1.8119854905267152
8784241046_R05C02	-8.312068091816995	-6.057021577443179	-6.809192411804251
9283265077_R05C02	-8.512988255624636	-7.641881794116928	-7.094554009624244
9422492113_R04C01	-7.5901833739731375	-3.3787168064451003	8.20475497958988
8784241046_R02C02	-7.109282823619853	-10.033332751221604	7.894197142143584
8784241071_R01C02	-3.7277973381338994	-5.191880847427582	-4.296812840429666
7796806103_R04C02	-9.655977084264329	-2.9358847611389383	-9.958759494918025
8784241059_R04C02	-2.8507722496181573	-6.701202354712862	-7.209946876337012
7796806090_R03C02	4.628569344669511	-9.629463407451524	-6.446359858255689
9283265014_R01C02	-2.0670118995851605	-8.10569208947073	3.0499535547887184
8784241036_R01C02	-7.051319566077583	-1.8274352170748165	-0.0030894462452683655
9305216146_R03C02	-3.659962208755614	-9.30406334717437	10.075058833701759
9993943005_R02C01	4.4297240517084315	-0.5514249044579348	7.621687661040118
8784241071_R06C01	4.114435287542067	1.5386830507938263	-5.654081653357892
7796806090_R02C02	-8.632273476007034	-5.782932982896256	-1.097344373832229
6285633051_R01C02	10.617684781558813	-7.012549869597856	4.287056784160011
9422491072_R01C01	-0.43089128790205855	-3.5597366249059355	5.028047306675471
8784241071_R05C01	6.372000597151884	3.8491409479956578	-7.951414306982966
3999997079_R01C01	-0.5786380118418276	1.7349452284620326	-8.904044222081545
9422492113_R02C01	-7.791087078454623	3.0012530279371465	1.3914465366487931
9993943017_R05C01	5.165837852837882	9.583023052019172	7.226590821179143
9993943013_R04C01	13.355715658673523	9.038074985703593	-8.624633283267553
8795194127_R04C02	3.8477245295791134	3.5387809392038148	3.6418164631289427
9422492089_R02C02	-8.501806612860513	-3.288489705814609	8.592609762852051
6026818055_R02C01	-11.761577113198516	4.801419881571172	-5.2023993339753565
6026818111_R05C02	-13.979553244809155	1.944227781090261	-10.206748676094897
6026818122_R01C02	-10.48760135920025	1.6319865986528643	-9.900367728442633
6042324030_R05C02	-17.3247229286002	5.058544347558141	-2.8358654762496283
6026818111_R06C01	-14.866659517240087	4.522831088100912	-6.45092285960936
6005486013_R02C02	-16.554597680202455	-8.127289799313697	-6.072043434406452
6042324070_R01C02	-18.02789596528737	-0.0599276137026922	-7.53646795377733
6026818135_R05C01	-10.031530678052318	-4.1100608423808165	-9.977609402143525
6005486025_R04C01	-18.724357492665742	4.9184107655536655	-2.7853864091472973
6005486011_R06C02	-15.616230107646098	-5.9753145711451925	-3.911563779587243
6026818129_R03C02	-12.922677902483352	0.001847111201903941	-8.298981802407665
6042324030_R02C01	-18.19076249002918	-2.716151649757268	-7.6688829664380025
6042316130_R02C02	-11.99266984923202	0.972132883180582	-12.15931301502162
6042324071_R03C02	-17.742124434974144	-3.1202098908519242	-9.180183753635506
6005486011_R02C01	-14.729335147824196	-7.995234320302542	-6.9139946780056185
6042324070_R06C02	-17.694272629376044	-1.4830353885557797	-9.344478202801872
6042324005_R04C02	-10.49920616335058	-0.993490247278338	0.6015152372407632
6042324030_R06C01	-9.426399351365275	3.285478230040866	-3.443417334654384
6057833166_R03C01	-12.365437638690624	-1.8860152945433268	-6.690558033550062
6285633051_R02C01	-11.616294023697316	-2.7444236880894937	-11.147129980363925
6005486017_R05C02	-4.705395145958783	2.527945824926351	1.6415022932126013
6042324070_R06C01	-1.8618375676978545	-11.561406526226042	-6.389353281470831
6026818102_R05C01	1.4997322664914805	-0.04777721599505203	-5.348920282534705
6005486012_R06C01	-3.326215167064807	-6.335424671487698	3.81735985922528
6042324030_R05C01	-8.966976807519114	-10.291602839535631	-1.319049923127329
6057833141_R02C02	-2.4605166673435344	-12.511989658158548	-0.8280724601476857
6929718043_R01C01	1.4407879267509722	-2.578830240311162	1.9929527387653005
6057833142_R05C01	-8.687355510525292	0.9212927773631118	3.955908369868087
6042324035_R03C01	2.632464770663981	-15.41269317822785	-3.094181988735992
6929718043_R03C02	-8.510172772572096	0.07739857495099012	5.033392048732685
6042324071_R04C01	4.957778980718154	-0.9302149848279712	-10.28558040391049
6929718030_R04C01	-3.0717541486385533	-0.6892513763143466	-3.1956592029947584
6026818139_R01C01	9.590343166038759	3.0117406462060945	-10.634180786491823
6005486012_R03C01	-5.394572860733046	-7.992407411486561	1.8648269614085002
6057833159_R06C01	3.1311209179570296	-4.583064700967645	3.8072009108500047
6042316141_R04C01	-0.39444227985141717	-4.014282988918068	-7.582875345833983
6005486019_R04C02	16.89848946797962	1.324074011990673	2.0260067373184047
6042324030_R04C02	-11.049939532223599	0.5658490523637648	5.813827409616723
6929718043_R02C02	7.529885797478429	-11.91097410940494	-0.8993400081464993
6026818055_R02C02	-1.849532093464521	-1.7692575984668222	-8.93416904510417
6042324037_R01C01	-1.9861008897001278	-14.193937172203507	6.842973854021504
6005486019_R02C02	6.856315209255647	-2.277618143144448	-11.619868668161669
6042324071_R02C02	-6.937595900125251	-7.501299508954934	2.044991734097227
6026818135_R03C02	4.463326427140128	-5.3127853318262455	-12.277589600234817
6026818122_R03C02	-3.5425351924977115	-4.333700709889871	0.8865372660326793
6929718030_R01C01	6.587405142165217	1.4324051184043696	-2.9162018259700946
6042324035_R02C02	-7.446514400579196	-9.464176516649244	3.301859622245866
6026818132_R06C01	-2.868761112822114	-2.653665208263932	-2.0615168841583094
6004791006_R02C01	-3.139700163847722	-8.209563642017347	-9.484056151895674
6005486014_R03C01	9.558821812083542	5.588734588739823	-6.149692217797794
7786923105_R06C02	-10.253761642055524	-0.7102792890522563	-8.73025274508421
6042324011_R03C01	1.8556170873826972	-4.684462393022077	-8.036792168002652
6026818122_R01C01	-3.0639413520873573	-0.6689843279015676	-3.1058618248016385
6026818132_R01C02	-6.829987594386332	-6.976986390646224	-2.1249204614724744
6005486021_R02C01	1.1081950853085163	-7.746591270728315	2.8829911026577992
6026818139_R04C01	-1.24678917603577	1.1042789027944557	-2.7965317571906314
6042316072_R02C02	0.9917573153599663	-5.153965522801556	3.636706540001021
6042316072_R01C02	-1.3267614153736484	-3.635030582766182	-3.6549808097473293
6057833155_R03C01	3.412365248267846	-9.691842920268321	6.018467167826197
6057833101_R01C01	5.129481723864998	-1.5430028779126392	-8.022961868413194
6004791010_R05C01	9.837480872692137	-12.046665782227546	-3.8935629600227486
6042316141_R02C01	1.3698612346168346	-10.572246212012677	1.7987868754471938
7796806125_R03C02	6.888610623048918	0.8740305002310316	-12.61052467231245
6042324070_R05C01	-5.170056938260419	-9.82806215023176	-4.135848221237693
6042316072_R01C01	-3.785696775500331	-6.952680089903863	-12.624214666048099
6229009066_R03C02	-2.293624226009028	-0.67189195227191	-10.815365945926771
6057833101_R04C02	11.404825942581123	-0.7773019185229245	-6.861889041120929
6229009059_R06C02	-9.017472457362622	-7.981898944705835	-9.711491826286407
6026818132_R06C02	2.2278773795883717	2.40693776222046	1.222102748159636
6005486019_R01C02	-5.6375767947528646	0.15455915648857854	-6.577717007585505
6004791010_R05C02	-3.57415877694983	-10.269474195696871	-6.1066174243672915
6005486014_R04C02	7.648337722053671	-1.0061239310177972	-11.682664615820533
6026818128_R05C01	8.866230013275404	-9.424061620090844	-8.687309620785069
6285633072_R01C02	-4.780914154536971	-5.902544242859052	-0.17403502916469674
6042316157_R02C02	1.0471777342606567	-5.406555560776721	14.099092109237027
6229009060_R01C01	-0.4727198295873404	3.946353689754934	-12.009410970747886
6026818145_R02C01	14.295499301004723	-2.767881432516612	-10.407891062985048
6005486017_R06C02	12.608800169978748	1.963565075531359	-4.402523818939254
6929718030_R02C02	-1.4782150145649475	-8.962669978237674	-7.618182940834627
6042324035_R04C01	-6.671189493527763	-8.533369602415682	5.061139209408799
6005486021_R05C02	4.459602144456392	-3.87029406191507	-0.7124115970437963
6042324048_R05C02	-7.0675574231436755	-7.1252353842939256	5.290318798819376
6005486012_R05C02	-3.3346067820447702	-15.685877233631148	-0.06723133994622404
6004791010_R01C01	-2.2499775048273367	-10.129242921493889	-2.805546166307228
6004791004_R06C01	-7.451278137792706	-9.014758133237152	-3.377701462815583
6026818129_R06C02	0.6003591219629734	-6.948499007885802	-9.236615806128482
6026818144_R04C01	-1.8238769297294795	-5.270677859241759	-5.759265823081629
6042324048_R03C01	4.67625256731492	0.2596981745967989	-10.385210412319214
6005486005_R04C01	-2.028515760814355	-9.725781687013193	-9.520426039062762
6042324072_R03C02	-4.090828134583829	-1.0032576242863545	-7.428497232888883
6005486017_R02C01	12.30300388997767	3.9232574347298965	8.177246969939729
6026818122_R06C02	0.6206057962120259	-6.660239521759638	-7.373275997815413
6057833141_R03C02	3.779953155611408	-6.176220769204495	-2.321830723130325
6005486019_R02C01	0.48859460510121405	-8.723966288628239	11.083307335303552
6004791010_R06C01	-5.978354465174253	-0.8322410228966044	-3.268062773041374
6042324030_R04C01	4.1849605127805685	-14.945401721898811	0.2828190470146493
6026818102_R01C01	1.540702972744758	1.098268373521227	-5.0511004129566635
6005486014_R05C02	9.038986209168373	-12.188225111864915	10.265188013720868
6026818122_R03C01	1.182950505526824	-2.617233368885111	-6.502824772159267
6042324070_R05C02	10.117295054892477	8.197638585482075	-3.0126443919200128
6929718036_R03C02	8.431251736277028	-8.139916226454972	-0.4520381554368774
6929718030_R06C01	-0.7162036651612201	1.8396300608983376	-10.21456862828897
6929718030_R03C01	-7.973929875837604	-3.1563751284132997	4.3488244943713505
6229009060_R06C01	4.90405505603129	-2.63045849177759	-5.495791468041893
6229009060_R03C02	10.988724435722753	3.8708290264954783	-7.723963541038575
6026818135_R02C01	1.1372154593292523	-16.144531213038164	1.5019388585495024
6026818111_R02C02	7.714583430385084	4.362695756506924	-4.342076279472259
6057833159_R05C01	-8.249314588071085	0.27505646579682713	2.426283141180426
6005486017_R01C01	7.311400345514387	6.3552981606660115	-6.230892954683902
6042316130_R01C02	-2.252933931171213	4.977839737637341	-5.9709117259131945
6026818128_R04C02	5.459591407802743	-3.7365748111504637	-11.745200030953463
6005486021_R04C01	-3.6624535386672985	-11.116493864890959	4.2923523678287685
6057833057_R04C02	-6.8698164827709665	-11.497879748817292	6.24211948573271
6057833101_R06C01	10.695447007372842	-9.0258563926824	-0.014811898054766242
6005486013_R02C01	9.478114723797745	-5.233481298200499	-9.380428040099746
6005486013_R04C01	0.159223654180401	-16.588451043938345	3.011479781815145
6005486014_R01C01	-11.773780801060717	1.4544243429805277	9.60517596192722
6004791020_R05C01	-5.354851240184931	1.79344025692366	-9.18710042114642
6005486021_R01C02	4.194617356928931	6.623532308064684	5.04862537144034
6042324006_R01C01	-0.5201437934340902	-13.755872317878634	1.1925678797983914
6005486023_R04C01	-6.353427437994877	1.1374501189291697	-6.089986898904522
6005486021_R01C01	5.5081692860838185	7.9398324099519755	-10.361205822489456
6057833141_R06C01	-2.873675606027381	1.5320562977106318	-9.184772906177269
6005486023_R04C02	8.824625336472375	-10.330745141320481	12.249912816036968
6026818122_R05C01	-0.6460958111676414	3.7013903815705755	-10.900338685616981
6057833159_R01C01	3.035438341163408	-2.8701764929920075	1.4291415715351938
6042316141_R03C02	8.063262205753134	12.271307797797876	-7.8460468470019284
6005486029_R04C01	-6.040260521451721	0.4395324476629649	3.4294525152360604
6026818144_R05C01	-2.319222340468938	-1.1896384505395372	-13.009185932015493
6005486012_R06C02	16.70466534843928	-2.982916516805564	4.599306216100494
6026818135_R01C01	-2.409514596715384	-1.8995265105283319	3.0194801465241685
6929718043_R06C02	-7.055705136288367	-2.7119057930861743	2.830958154295302
6042324072_R06C01	-10.862159852482336	-0.10060735237076553	7.822400834849005
6005486017_R04C01	-5.4740869228493665	-13.933193753426687	2.568004140656289
6026818108_R05C01	8.236683898997695	-1.602179114486522	-4.206333303035184
6285633072_R04C01	12.037819467143613	-9.077817255656488	-3.651269082104926
6929718043_R06C01	6.177646940026549	-2.275422548997707	-5.724322875023641
6057833166_R04C01	7.159837182095338	-1.759937345177066	-8.362467335191745
6004791020_R03C01	-4.768450849110478	-9.043151673224747	5.5859078606011945
6929718036_R01C02	-8.058756834878963	0.8541933923287705	8.668227922621767
6057833159_R03C02	-8.47618947689643	-1.4610999374798255	3.258440370623738
6929718043_R04C01	-2.2940669258952555	-3.4609146435635854	-7.29480612027374
6004791006_R05C02	-5.350625927848273	-6.4461361954614995	2.346750307106394
6229009066_R04C02	6.89244171486322	-3.682161580783131	7.06842532431976
6229009060_R05C02	-0.04435272004875153	-4.652116892118709	7.388458831183742
6285633072_R05C01	-4.170235916846188	-3.7239343634650304	0.18653739186838258
6057833057_R06C02	-3.566515943513829	-0.6620951640719611	-11.324578296598448
6057833159_R03C01	-1.2722252370085554	-11.412588588154144	-0.06998070853295972
6285633072_R03C02	1.7384963587013231	4.725419857137157	-13.39807002951782
6042316141_R03C01	13.686149632849462	-5.665386981834041	-8.105213011213356
6026818122_R04C01	2.3798836923360103	-4.026562820095841	-9.04874365846043
6042324048_R06C01	-0.2320207329624944	-10.74694728650565	4.2717197940118705
6005486013_R03C01	14.701403046930384	-7.847335574413123	-5.979374358099
6005486017_R04C02	3.4337538621102714	-15.428177765276876	4.555241720931542
6005486019_R05C01	15.196276652871838	7.600168990389827	-11.625945319342406
6057833159_R04C01	-0.7701271250823123	-0.9377105269340943	-6.272626489354023
6042316141_R06C01	-10.09869068668374	-0.9213860831590044	2.9608363732521346
6229009060_R02C02	6.158933948822495	-6.498275150530975	-3.9193201382634673
6026818139_R02C01	-5.584891839643255	-2.7413707102600724	3.486497670071474
6042324048_R02C02	0.029780919395449763	-10.656112356591418	-4.884638061183946
6026818135_R01C02	6.588637181076202	8.826344462380309	-12.580988404231684
6057833166_R05C01	-0.13060117446160974	-0.9930126129692013	3.1619479980180447
6005486014_R05C01	-6.396981607520251	-2.3006618615651355	-7.827830951896501
6005486017_R03C02	3.5075836200748784	-11.883317203951533	-3.7784364030063915
6042324011_R02C01	1.6447356459753282	0.24955461426191614	-8.713788928835317
6004791004_R04C01	8.810581860161955	3.2821918915317507	-6.431041371756237
6026818122_R02C02	13.018259068935771	-1.6437448581877065	-4.195100580024391
6042324037_R01C02	-11.091052998762423	-1.499454828445037	-1.3658840207705356
6026818055_R01C02	13.83416970884254	5.363303831607105	-9.93168180794465
6929718043_R01C02	6.885902603615594	7.387127901782897	-4.234891467553596
6229009059_R01C02	-2.4421476900950116	-11.14280052896522	-0.9301528495827937
6229009059_R03C02	0.281681091197861	2.738565377378296	-11.315379768866295
6026818108_R03C01	0.9294262344676637	-2.161274835735558	-11.246874620293227
6005486005_R05C01	2.6168419045937776	-10.011369300110264	-2.3011760326458006
6042324005_R01C01	4.22531023651082	-8.068358366382046	-6.112720892840826
6005486014_R03C02	-5.083523105941374	-11.064087065731288	-7.71581754283938
6057833155_R03C02	8.540710585183398	3.2969384095525114	-2.547402391754784
6005486021_R02C02	7.996986037268459	-4.574357627933417	1.4892693675224433
6026818145_R05C02	-9.018584034602831	-0.9344424736700284	-1.4825796827117848
6005486023_R02C02	-4.401360243505624	-10.016320489960183	-6.878038755463836
6042324035_R04C02	7.629493348159513	-2.746158980490508	-4.5512234935139135
6057833134_R05C02	-7.866049871083326	-4.158917049969024	-10.528022790835454
6005486018_R05C01	13.400616705968472	-8.860623598815092	2.957072575128901
6026818102_R02C02	6.60182820009313	-2.55354105344718	1.8127200964602461
6005486029_R05C01	3.5797259311912586	-8.689956130833835	-3.5261771187284108
6026818144_R02C01	-9.984706697170527	-2.1168874673990974	-0.711067375456908
6026818128_R01C02	11.579436806920727	-8.047062453501313	-0.987959964130907
6005486029_R04C02	8.164523968231695	-4.579177705888102	-12.840756684030739
6057833142_R03C01	-3.362284406387622	-1.153505988288348	0.6160025234713534
6005486025_R05C02	1.8670806077798199	2.1408285402456206	-12.894272927607087
6057833057_R01C02	0.9835727147158538	-12.870841294778023	-2.2163758839418035
6042324037_R04C02	-8.55211232725729	-8.629442122522748	6.750618385614026
6004791010_R06C02	12.932265538171931	-3.7958848967270247	4.519483913504208
6026818122_R06C01	7.999458654951715	3.172405700818682	-9.638521399635387
6042324005_R04C01	13.74645510586193	-1.9531832479277813	2.3062833891975663
6005486012_R04C01	-4.51673878807258	-9.23606511842795	2.5123817880786135
6026818139_R04C02	4.091439350199596	4.297905389192824	-4.278454546774838
6004791020_R04C01	10.52379398037698	-2.46962009054871	-10.017942000293528
6026818135_R02C02	10.215099014893813	-8.044040809224017	-6.600996187110707
6057833101_R03C01	-3.744738844868225	-11.411392598956187	-1.7779469185697083
6026818070_R02C01	0.9962409259570051	-8.897832822911239	-6.6186781830987265
6005486019_R01C01	10.741965209095047	-3.1187133750021427	6.448269708002641
6057833159_R06C02	-10.454584149056151	-3.3117056105809732	-1.7399379910384705
6929718036_R04C02	-8.841091024328946	-2.187687198570176	-2.477629514344558
6229009059_R02C02	-1.219683742453281	-11.228812058768444	-1.6079404013768537
6004791004_R03C01	-4.163803509594194	-13.697556317815675	2.805342783528351
6026818132_R01C01	-5.176766441099483	-6.8729956664403264	-2.0235626094684926
6005486017_R05C01	0.8351621269069587	-9.688190178043364	10.8432000331547
6005486014_R04C01	-4.185504027536825	-7.88488757174023	1.0378037936295812
6285633072_R03C01	-4.462828962774998	-11.662673612471147	6.811281905928988
6042316141_R05C02	-0.5749329908390459	-7.0147532622917375	-5.993835478018829
6026818144_R04C02	6.9264078313661885	-4.185266806112937	-1.2240094008046434
6005486021_R04C02	-5.953305535971589	-11.807297774757982	2.0590436527642173
6005486025_R04C02	-5.735875103180603	-10.631258434828963	2.657863248718661
6929718030_R03C02	-0.7714658935107545	-3.28032211026077	2.740296897399084
7786923102_R06C02	-5.377869957652083	-9.893437525585053	6.845530484218311
7786923105_R01C01	5.950423102686027	-12.519232965909268	-3.8203301733861434
6026818135_R06C01	13.35470359503002	-7.874173102618841	-0.05795433346241759
6057833166_R02C01	-0.4920093189391349	-3.9692280152476997	-10.890619333396629
6026818129_R02C01	-5.033836276774239	-10.728000964957305	8.852752931899314
6057833159_R01C02	2.29040780274001	-3.154483055677711	0.6443669157812782
6285633072_R06C01	-9.41596625963004	-8.808775809661805	-4.373160950953835
6057833101_R05C02	0.18870871635526035	-8.732687018155541	-1.9925256909572804
6026818102_R06C01	7.393829941001662	2.0460161001452937	-9.497734989837317
6005486021_R03C02	8.464119484760003	-2.515078873762949	4.412612954554885
6057833057_R06C01	0.5165131539512028	-9.410025441416323	-4.302623747883405
6005486005_R02C02	-6.569381358343999	1.7859744749964157	-5.889586062533113
6004791006_R04C02	0.059118377043048	-7.390692007607767	4.7712401817429315
6042324037_R05C02	-4.964852106041235	-4.690496839684629	-10.39314015748942
6005486018_R02C01	-6.052256229069263	-1.4501052601463686	-3.916383478635886
6042324048_R01C01	-3.9400946558946566	-4.516666361469954	-10.56746893400619
6004791010_R03C01	7.326416744280768	-13.961868525918314	10.006624160484783
6042324072_R04C01	-2.858590974621069	-4.676599263179247	-10.659902758022582
6229009066_R02C01	0.043048930558552155	-1.743532541352971	-8.360292614151708
6005486023_R01C01	5.145004053243622	-3.132244977599938	4.800654479676172
6004791020_R04C02	6.155843166460142	4.075761307814258	5.860981426137051
6042324072_R05C01	-7.939248300231865	-8.111382414345046	-2.0387192590398584
6005486029_R02C01	5.8164393946994295	7.877538357740142	-11.44559814957621
6042324030_R02C02	5.122768803187766	-1.8699936620158666	-14.230700635843185
6005486029_R03C01	8.046342462545944	-8.343626590810507	-5.210977062767174
6005486018_R05C02	3.356931186563152	-2.9132293413935177	-2.7747839310039484
6005486021_R05C01	11.437012228262358	2.252399957138477	0.9065831077333172
6042316141_R02C02	2.49518569914102	-5.652239490893747	-2.7804043067114597
6005486018_R03C02	-1.400095711989418	-11.613898035134234	7.159573701487294
6042316157_R03C02	1.3770128700620767	-4.08785166653457	12.133618405978492
6005486005_R02C01	-3.08146978731274	-12.334594524082574	9.594431236666948
6005486018_R04C01	6.827469765867323	-5.909460309978921	-7.287267834904266
6042316100_R01C02	4.825785403535825	1.3765945185734432	0.5958073293630889
6005486019_R06C02	2.137583400133474	-11.972269372189281	7.831628018030298
6042324072_R06C02	7.705740252960714	-7.101965253137159	-10.885613678913352
6026818132_R04C02	10.402009059925675	0.4658288397776448	-8.753691244294389
6042324037_R04C01	4.410401276835196	-7.79611227221779	-1.8848327542233578
6005486005_R01C01	-4.175957264439571	-8.073646139374182	-9.65989056878482
6229009066_R05C01	-9.738179338880338	-2.74836344416108	-3.598568488173851
6042324072_R01C01	-4.5225335480206175	-4.657070818852261	-7.425739431495325
6042316141_R05C01	3.04195610023349	-9.47697990783742	-7.8912869310394225
6004791004_R03C02	-4.0750926215782055	-13.25019308507951	1.423056359223528
6004791006_R03C02	-5.105160524712733	-12.869281653569535	0.8772339354302066
6057833142_R04C02	0.4011248795225559	-14.214996391757328	-1.9030588545586389
6057833155_R01C01	1.1444034775871104	-8.121463984612658	-11.597533489870537
6042316141_R01C01	6.020762203693799	4.962300823734657	-10.082876899241644
6004791004_R02C02	-8.629261208493473	-9.419884415153591	2.493383436146952
6057833155_R02C01	-1.003104576618198	-2.822402781815584	-8.286623559426987
6057833155_R05C02	-3.1757319168794003	-12.847379180857573	-4.754022038057332
6042324006_R03C02	1.055430467030671	1.2557234992267803	-11.93178509178039
6285633072_R05C02	-5.67672520941513	-7.606835069098973	-6.848179828116178
6004791004_R02C01	-0.9488980776827525	-1.7754727476586598	0.736077016774528
6005486014_R01C02	9.363083462801047	-3.4447553955192367	-13.333636820311684
6229009059_R04C02	2.019929396560822	-2.4917185276289406	3.9347809324324223
6004791020_R03C02	0.8802009622536212	-4.977293250476755	-4.768601076929552
6057833057_R04C01	-1.0673407911540036	2.7083617014029224	-13.887444949360884
7786923105_R01C02	-0.1071127583913667	-2.2137398972892712	5.595091105877847
6004791010_R04C02	6.81588469792332	-3.9356886362370975	-3.9180695953706626
6057833057_R01C01	13.010195964697935	-6.027581319236063	-8.908708660134712
6026818144_R03C02	-1.493824997585815	4.7617573571424945	-10.158581880949674
6026818139_R05C02	4.117301072334431	-7.730042907803906	9.323138090760555
6005486023_R02C01	3.5931948347651885	-11.631253616278055	-0.05782875374172148
6026818139_R06C01	-1.7033122827934082	-9.964787932152117	-0.6407549467180149
6057833057_R02C02	-2.705833749335346	-7.038504913248581	-2.209248469345799
6004791006_R04C01	-5.759641037483648	-9.382041326435676	0.7108881170392343
6042316141_R06C02	4.330230860349142	8.406806517015852	-11.765361451360727
6285633072_R02C02	-6.857318898210075	-3.9269938074972663	0.8147095213625317
6057833141_R05C01	-5.583745904186527	-12.997609842355448	7.159816408600884
6229009066_R06C01	6.411749388666113	-3.3336446353755522	-6.5568596011539215
6005486023_R01C02	-3.7024738138475044	-8.265685305882634	4.508504745324091
7786923105_R02C01	10.168862677147049	6.9581986423314	-10.095431023612381
6026818135_R03C01	13.358213902158484	-6.826890469329747	5.864470026118569
6229009066_R01C02	2.652776093615729	4.689604723132435	0.7974146610524006
6005486021_R06C02	3.217339353581116	-8.520796896791458	-0.32266698856373455
6042316157_R01C02	2.5536215594574405	-14.762048977185854	8.832546601499939
6057833166_R06C01	2.6074567723807873	0.6049009826495785	-2.28167129325828
6005486023_R05C01	1.306956965319987	-2.623620202858712	-12.590481357819609
6026818145_R04C01	-10.111725397073478	-3.215872195985688	-7.646491449079228
6004791006_R05C01	5.331795978747771	-6.202256411285645	-10.690296677076743
6005486013_R05C01	-3.9606958289739715	-15.377393082388487	-1.0777450072703632
6005486018_R06C01	11.705593554490987	-3.7733589561492633	-7.226378288304629
6042324048_R06C02	-11.796072766786223	-7.347038040454982	-2.9819258681899243
6005486013_R06C01	-13.530948189878327	-9.746375801928679	-6.832763310704567
6026818135_R04C02	-16.190171002832148	6.397773583129558	-3.245065977479749
6057833101_R02C01	-15.300941185274585	4.932888796721929	-3.0685588435633218
6042324048_R05C01	-16.035338243739996	3.6099678626397718	-2.9886723846141385
6005486013_R04C02	-13.915751957956475	-7.840476465254255	-8.523514407002523
6042316157_R06C02	-16.214081311476406	0.38604355198997087	-1.0401913458395062
6057833155_R06C02	-14.161910690930739	5.6835788994586744	-3.5326592482734185
6042316157_R04C02	-15.925564998781773	0.25744791382438065	0.3655625862128778
6026818139_R02C02	-8.979606894456373	-4.037873482759704	3.739105521485766
6057833155_R05C01	3.4124839826555053	-12.177345776869506	7.009660382210884
6005486019_R05C02	8.026271396973353	-8.07442700133869	10.289627601042278
6057833142_R01C02	5.235243603864107	10.081837956965565	-4.996895529343067
6026818145_R06C02	7.850540646975799	-9.459237992503025	6.73653606410775
6026818132_R03C01	3.83069823578561	6.747526498429753	-6.227052405137579
6929718043_R03C01	-6.846477984464813	-0.14958717493281712	8.60129439388817
6042316157_R03C01	-6.159786506007534	-5.716974464926682	11.632446744897376
6042324030_R06C02	-8.036195257759934	-1.0370203176267991	-5.57985726331212
6005486005_R04C02	15.811855964694495	-2.96298022393493	-3.159710642462228
6026818145_R01C01	5.041305523014568	-6.810025384272597	5.808921787248884
6057833134_R01C01	3.3902302450541884	5.650898218500417	-0.19870408101195175
6005486014_R06C01	9.412111824072438	0.5780942637729868	1.128071056061496
6285633072_R02C01	5.095723723007266	-6.6520742798619	8.910340040413306
6042316072_R05C02	-6.115866565187869	-4.859647505903407	6.4339504140247685
6026818108_R04C02	2.8037283279591874	8.07832108915338	-9.347033747711453
6042324006_R02C02	-5.154680997256737	-6.444502246162157	12.562379680280047
6042324005_R06C01	0.5661000382381055	7.053383821032629	-6.423562442673904
6042324030_R03C01	-1.9597195217686263	-7.628869806984248	-2.669093571203451
6057833141_R05C02	-1.7754977858180143	-12.556127981927947	-2.625812096898057
6057833057_R03C01	6.754308730122583	-11.600475410151425	11.463486425107936
6057833134_R02C02	7.639846683198926	-11.494047337606071	-6.2523145289179896
6026818102_R05C02	2.94023225048766	-5.266777874291154	5.97987360132212
6042324048_R04C01	2.9427864663187346	8.347589666860149	-0.9149743586327863
6042316130_R03C01	4.774008315344226	0.18295635084407932	1.0354327756859234
6026818129_R03C01	8.869806207933706	-0.3001944587341742	-6.949586591137608
6026818055_R06C01	6.6638144698648905	-4.605780034575768	11.22665158071394
6042324071_R01C02	6.806122200239804	3.9291155988140822	0.41528035916785255
6057833142_R04C01	16.176683124296023	0.5107250994422896	-3.832324755754197
6057833141_R01C02	7.076157069400769	-1.8581436501259465	7.019641278321572
6005486029_R02C02	8.440860909651974	-8.78336247714766	-10.129412313274326
6042324037_R06C02	11.222367646435949	10.170949008042818	-6.133192748037009
6004791004_R01C02	9.746452321736674	-11.321663747901724	10.903972358502516
6026818129_R01C02	1.353831132732564	3.3855667671189846	-7.712864920074306
6005486023_R06C01	-9.591673932541804	-1.3328119983903948	10.34327337320413
6229009060_R04C02	7.554611124859672	-12.585027625191767	5.750050064641158
6026818102_R06C02	13.959115073106362	11.057651246988613	-5.8775555687633565
6005486017_R02C02	14.88811613463869	2.289765158598208	5.50621237809634
6042316072_R04C01	6.987182729635889	-0.24494604963332084	0.23322643316361386
6042324035_R03C02	-10.151067255137612	-0.503716717313465	9.2866885363345
6004791006_R06C01	9.718899793081869	2.3570282130734377	10.192059454628968
6026818129_R02C02	13.63716064984105	4.032730333040055	0.6758963056403707
6042324011_R01C01	-1.4538497663883772	1.019057433183364	-4.659552140719228
6042324071_R06C01	4.7253726509068334	5.487474408995091	6.384111479024849
6042324006_R02C01	-5.137838540249589	-5.753189742906695	11.402233224946901
6026818144_R02C02	15.090410416952455	-10.179087781336865	-2.57402336405106
6026818139_R06C02	14.575325130303858	10.223610234998855	2.44052339927392
6285633072_R04C02	10.691158824355792	-4.912634074163136	-1.0293452333394082
6057833134_R06C01	13.88913698578433	5.09356112741391	3.862509738209919
6026818108_R06C02	-0.3500446902309019	-5.99234759061905	-2.4519722737244645
6057833101_R05C01	9.639754229825897	-4.44828940931436	-3.988457026848178
6026818111_R01C02	3.088185523090985	-6.352450893910928	7.796972939172074
6057833101_R03C02	3.7964922161169303	-0.5574462663278159	1.3451828097724554
6026818102_R02C01	10.149781092798692	-3.3624173236490735	2.175836172079053
6042316141_R04C02	8.8232420282023	7.657974926689728	-7.475803555615289
6057833159_R02C02	10.616012216410404	0.17784365296862525	-13.561523573417237
6026818144_R01C01	16.177762001585585	5.072240739841705	-4.203029285169747
6042316130_R05C02	1.240212383832009	2.8255993192477504	1.1412972933870766
6057833142_R01C01	11.012703165049391	3.8134948617214093	-4.801422229471846
6005486019_R03C01	6.158404876777057	-0.48651581895944973	3.5896731491318077
7786923105_R04C02	7.634740386395714	-7.161956119598798	-1.4909209336576408
6026818128_R02C01	2.679459478328257	-1.3771713703198567	-5.132957120668208
6004791004_R06C02	5.140270281673935	9.335990152229012	-9.689624487940788
6042324005_R02C01	2.7259757666914153	-7.467322114168705	-6.256559209496504
6057833141_R01C01	13.0169744360438	7.4241921395868085	1.097160144234534
6057833155_R04C01	-2.78389372349365	-2.110624590674339	-4.974359668460708
6026818055_R03C02	1.0143608424738408	3.104484470364245	-5.974896558593588
6026818122_R02C01	0.4427104480157602	3.110014952531428	-3.260839994727436
6005486012_R01C02	4.826158881749554	5.574276550822509	8.007980603372006
6042316141_R01C02	10.81669797937638	9.810608559895298	-13.511544754421493
6042324037_R02C02	-3.279885058716695	-1.2957869704294458	6.222907479484817
6229009060_R05C01	4.26931080116006	9.46916017606012	-4.269842940209805
6042324006_R04C02	1.7242317871198383	-5.559549773356948	13.333929838579108
6005486012_R02C02	4.880651519956537	2.5003342885543822	-5.641216369984509
6005486025_R01C02	22.528983111259542	20.615188709509365	-8.582930119757032
7786923105_R05C02	11.726441415554886	7.303778131078487	5.703019402516055
6005486005_R05C02	10.9511977836892	-3.7986041257053915	-3.906470430292975
6026818129_R05C02	3.5413266449915817	-4.35136628397247	6.9257518027476825
6042324005_R03C02	19.035170113661458	1.7247670618622273	-1.2613542608718056
6929718014_R06C02	-0.00831412519075898	-10.944822768365663	0.905193228547608
6929718030_R02C01	3.9220466989317755	-7.188614544660352	12.082028449298493
6026818055_R04C01	7.428874227679066	1.3063150940241768	-5.932175292471053
6929718030_R05C01	13.168562411976687	0.3349321890867004	-2.0011107025763457
6004791006_R03C01	-0.5234977952206024	-5.943743349262805	11.117880276037466
6057833142_R05C02	6.953304318545426	-6.5933269290955945	-2.8470175192981295
6229009060_R06C02	5.054838371595327	-0.6126180539358848	3.105765891541888
6026818055_R06C02	-6.259533281502156	-11.47082736059226	9.886986654852867
6042324030_R03C02	10.045259487509746	-6.303669123517092	0.9406882772800527
6026818139_R03C01	14.236101893150764	4.0822124767709145	-6.658975107765727
6057833141_R04C02	3.8535516184463265	-7.6242153066050475	3.6140784337115703
6042324006_R06C01	-0.22546786165179472	-6.483631130967716	0.24546625240197212
6005486029_R06C02	12.269049474656702	11.516287415612457	-1.8056992339023805
6229009060_R02C01	6.572417868999266	-9.334629131733665	4.386511102494508
6004791010_R03C02	0.9234624165318618	4.18791708927834	9.364579925391816
6005486005_R06C01	5.3110219807968315	10.043620703446061	-8.5424094848928
7786923105_R05C01	8.18250186868945	10.831267272293946	-4.139834534608643
6005486025_R06C02	9.2407886373861	-14.59467024392155	3.361404908573237
6042324006_R01C02	-1.3916267307208952	0.896315523507427	1.2792861424173647
6026818145_R04C02	3.6417790717958525	5.211915323976848	-7.99872163592256
6042324030_R01C01	3.900941649351086	-3.037318872203227	9.908623240253089
6005486023_R03C02	6.893102358460387	6.417965277283943	-2.3997482132937726
6005486012_R02C01	12.140036315971598	-2.3696133829646695	12.441853924387502
6042316157_R05C02	2.3248852854015656	-3.6299698133639615	15.781922580025132
6026818128_R02C02	12.96896302957542	3.2125875467944716	-1.9829582920403817
6026818132_R05C01	14.714153906997636	0.24614438151788268	0.6961166857958382
6026818132_R03C02	8.594473740689327	-9.508567113981996	-2.757025865331265
6026818108_R02C02	10.034482900012119	-11.304132458005686	3.0074749857142873
6042324005_R06C02	13.564062687037005	-0.5116971878476637	7.041007729086674
6042316072_R04C02	15.682308013489463	6.6960437334142755	-6.345705834743774
6042316072_R03C01	9.462350737878362	0.7703063024980862	-2.8189628166416507
6042316130_R06C01	13.278309156486847	10.767051987973028	2.770109560143142
6042324071_R01C01	12.99159106296374	6.145675931951995	-4.157578824880845
6026818132_R02C02	9.806002164919061	5.281372114497843	1.4591386001162379
6005486029_R01C02	13.980715149767935	8.83811108288644	-1.9657409277037254
6026818139_R03C02	9.801735847509702	2.000173876133562	5.414069287891252
6026818128_R06C02	9.063385728378883	3.236244894167543	3.8999471796643146
6229009066_R04C01	3.199833663089818	2.931013824044154	4.979295128546897
6229009060_R04C01	2.5738094969174075	3.5781228500276536	4.266154225815828
6005486005_R01C02	1.4664081844421675	-4.980818695073553	9.623567356975757
6057833101_R02C02	6.576746410699199	2.2743418519616596	2.8422005230664515
6004791004_R01C01	3.33522075820586	0.004679461746524742	5.158669831569741
6004791010_R01C02	8.39634231240784	10.293477284631926	4.602562388724378
6005486029_R03C02	6.900131228646694	-5.486904120357743	4.463615891557309
6042324070_R04C01	17.146672854650184	14.015039816659622	-9.924262041248094
6026818108_R01C02	9.77948683791502	8.857588706391788	0.93307160845488
6929718030_R04C02	-5.41339938056199	-2.4810549125264445	10.20903572610089
6004791004_R05C01	-0.2765602320867038	6.9335745683871615	2.351205746257705
6057833141_R03C01	-3.4281684561440056	3.6442406217572922	5.931895988096239
6042324048_R02C01	-6.903492706883883	-5.564430782169822	4.1470902808055
6057833134_R05C01	-3.1615427937030645	13.843406866141525	5.431463325090143
6229009066_R02C02	-2.7722877512918203	-1.7214555470824486	11.484208473872183
6005486019_R04C01	2.7662091822570694	3.20704001852021	9.045567483883902
6229009066_R05C02	-1.555159820415328	2.919076761552849	11.5009630762584
6042316072_R02C01	-7.551212221913891	1.6284874517035386	-1.2984900567996964
6929718036_R02C02	-2.299486224486161	5.103778244632833	5.241845046277924
6026818145_R05C01	-0.10769786983693251	2.5151105684622737	12.417528839065339
6057833142_R06C01	3.968634726684836	10.623046860726186	1.3567483648688556
6004791006_R02C02	-4.891960123107073	1.847704937524346	2.599510850471027
6026818108_R04C01	8.456480383247419	-1.3263079220118117	11.051601318013686
6229009059_R05C02	-2.535565267249831	5.042853361115816	3.837772999896723
6042316157_R05C01	3.0778503376683197	-3.5175300030491785	13.617389130120564
6026818102_R03C01	2.621128789658205	-0.43961564231600714	0.3273669931603401
6026818145_R01C02	9.3765313161372	9.602155157436032	0.43556313487048565
6026818102_R01C02	0.14576459210783727	4.8266292066986445	7.0013330944357115
6057833155_R02C02	-2.9289802049179556	-3.097110919618689	12.373044426496072
6042316106_R01C01	-2.972621136271914	-5.973988181148857	6.182723759791558
6042324037_R03C02	-0.7802940779170716	6.6796035382991725	3.5415132661368647
6057833134_R01C02	-5.356326196649012	-5.794510089763274	5.0897259201316105
6005486019_R03C02	-2.3797750101841464	-0.5221522653602595	7.215597289094287
6057833141_R06C02	-2.6780570033625266	-0.7861518865111453	10.24510365353275
6026818132_R04C01	1.9823986511262766	6.584455091367171	9.114420611102243
6042316072_R05C01	-4.437917084633145	-5.7080760138224145	7.653998874407124
6005486014_R06C02	-5.463961705642728	-1.6265497113852823	5.992964509772614
6004791020_R01C02	-5.053004121091582	3.5278481051230424	3.985791225654874
7786923105_R03C02	-4.758691823620471	2.9598326999021487	-2.979253244379039
6026818128_R04C01	-8.330288371426645	3.7891856357649436	11.876012300077816
6005486005_R06C02	-8.07278269819953	12.134020091079796	1.525631044897056
6026818122_R04C02	-11.10864605480079	5.899085552605755	7.9933706629628265
6057833134_R02C01	-8.91317475292566	6.095645847891836	4.378050208179859
6042324037_R06C01	-4.774639327611004	5.330364672889284	14.425435885896137
6042324070_R04C02	-13.515552236279616	3.4761129578473415	8.630459532169521
6929718043_R05C01	-5.582902952371508	6.988782354868067	5.616982677806176
6042316157_R01C01	-2.3722282107843355	11.509608457880466	7.195652476243442
6004791006_R01C01	-12.263789304465828	8.354522994570852	4.044328029294703
6229009060_R03C01	-5.949456718342909	9.598215983318813	4.995998493069814
6004791010_R02C01	-8.701617373647784	4.753169640460771	-2.335856477984893
6057833142_R06C02	-2.962226491170832	1.830111989812166	11.558396979376672
6005486018_R02C02	-11.592585046409791	5.005330428775535	12.901819503570012
6004791004_R05C02	-7.624026618320953	8.416868970129558	9.685314320370274
6229009066_R03C01	-8.69301668691283	13.857327726192747	0.37760560455860426
6004791020_R02C01	-3.620775018882926	7.628293758256736	6.259506482838179
6057833155_R04C02	2.7673167454808736	18.05332383885342	5.108905978729901
6042324072_R01C02	-6.180604410386045	10.639608145187086	8.196980085120904
6042324006_R05C01	-2.401496313149312	12.69687543065682	10.072784841342754
6026818055_R05C02	-8.622317033816614	13.953923639005135	3.8716664995330357
6042324035_R02C01	-9.143403130408016	8.1358993703809	10.483807012809889
6026818055_R05C01	-2.005458402379271	6.727603326610788	8.190656082210799
6042316130_R01C01	3.4744743530369395	21.386854832093658	-0.34550547343304516
6057833142_R02C02	-9.336126974183301	5.929991540806827	6.643100705967111
6026818145_R06C01	-8.561114648922954	12.278117586420505	-1.3534850651888517
6929718014_R05C02	-6.7754625363696235	4.816971137209722	10.844735118359456
6005486018_R01C02	-12.96258233754088	8.183415188609398	2.203396932874458
6005486029_R01C01	-12.003588741908422	7.957675666073383	10.715068846828148
6057833155_R01C02	-5.2151795130089855	10.335421413260448	-0.959486863401382
6026818111_R06C02	-4.3486319987638025	17.53027078322541	-0.10450506653037968
6004791020_R06C01	-11.969410719248836	3.672321596351905	7.424347273534792
6005486017_R06C01	-14.52994044430866	3.013645419797042	6.5077998872345875
6004791006_R01C02	-11.031984800578718	3.4596798699867186	8.567515674415842
6057833141_R02C01	-9.847697495551381	8.435511936937493	-3.0067284986479716
6057833142_R02C01	-8.856124866153975	1.7109377072594203	8.709213661863963
6005486005_R03C01	-8.388047774868113	3.741377000067058	14.863824967375399
6042316072_R03C02	-1.1478083608227598	13.56186450889679	3.256289967340294
6026818145_R03C02	-10.87303303744179	8.543779572123361	5.89519603137859
6229009066_R01C01	-4.708991240590545	8.42398121774748	0.8450481077809142
7786923105_R02C02	-0.6890711716026938	19.05830769696915	2.087087199494534
6042324071_R06C02	-13.815845442636101	2.945557623074469	6.745044215802544
6026818145_R02C02	4.0445612184380035	11.276975544281514	2.6677025003598143
6042316072_R06C01	1.1792970637622275	14.681852803666144	-5.817319513074451
6026818111_R03C02	-11.885355284646515	9.022571537348737	6.915668380973175
6042324037_R03C01	-5.193050745447281	14.950138236151878	4.429833004399097
6026818108_R06C01	-8.693360648387081	3.2665695802385817	13.359678113106629
6057833057_R02C01	-1.8680934246917402	2.486636029416974	2.8478252819492167
6005486017_R03C01	4.270971648243943	27.0148132824629	-6.506816436148958
6057833141_R04C01	-8.188810128739687	8.284370498188085	6.628584324027745
6004791010_R02C02	-3.1655951491592376	12.115700100168784	0.9018276011103665
6929718036_R05C02	-4.159354155301762	5.343743278155698	8.986471962795225
6005486012_R04C02	-14.070318382320952	9.798983880174386	5.306374708329135
6042324071_R03C01	-12.338871571603152	5.202875756221033	5.9647750310071475
6005486018_R03C01	-3.6472550044374668	16.692570658367536	0.701972387839748
6057833155_R06C01	-10.401704802106295	11.574801444578823	5.229471103893111
6057833142_R03C02	-6.832217080034121	10.229995726970019	0.9592561499912553
6005486021_R03C01	-12.567520020539167	5.628204911451172	4.125716003233649
6042316130_R03C02	-12.224793179554688	7.8565343605523985	9.223138783697454
6042324005_R05C01	-9.790578120145884	9.577591491764606	7.518913889101654
7786923105_R03C01	-5.814637412767694	9.561847030526978	0.45252173529369916
6026818129_R04C02	-5.116365580859709	4.397995096005382	14.843481409486053
6004791020_R05C02	-5.710850820757929	14.150689984100177	0.5443458598801777
6042324035_R05C01	-3.427215151653593	6.923202846928811	10.833005432906946
6042324037_R02C01	-12.791768986661411	6.843952660678641	5.522079576449196
6004791020_R02C02	-8.870321094075566	6.606115781735057	13.56535012889892
6026818108_R05C02	-2.9542390110960612	10.034023655016014	5.698382399226456
6005486018_R01C01	-7.310090581710356	9.804321479834703	13.113009590128907
6026818111_R04C01	-5.839460724131857	3.0194983968269984	9.792145773693024
6026818108_R02C01	-3.424702144874062	9.186534316850379	9.296326660764654
6929718043_R04C02	1.49748987370708	12.674154948107368	2.9579702660336498
6004791010_R04C01	-10.758873516214086	1.5080974528183901	8.541462859259639
6005486029_R06C01	-2.3706362795244766	18.566964690801015	-0.1842384562147639
6042324071_R02C01	-9.844950766908589	8.79822737564768	10.65806872577851
6057833159_R02C01	-8.17345867310873	9.891327818554204	-0.3605309782891626
6005486014_R02C01	-4.014389889547392	10.723720816402066	6.132991336540694
6026818055_R03C01	-5.813806953107126	2.834940964859476	10.971659152260319
6026818111_R02C01	2.778751299998456	9.801332043896798	4.177850678838775
7786923105_R04C01	0.08250753206408586	15.49155900850126	7.635846518307177
6005486018_R06C02	-12.268781772686106	4.14359139198072	5.372507161062602
6005486019_R06C01	-5.986824466263038	13.29632963065367	6.504842913357354
6026818111_R05C01	-12.082333803035556	10.87909825952393	3.6097054865681444
6057833101_R01C02	-5.241117393122541	6.550763734851042	11.217963091032646
6005486029_R05C02	-13.076401210913211	6.1376227585107825	2.780782825642557
6004791004_R04C02	-0.7287734056119489	11.474831691341329	-0.3852562843531425
6005486023_R03C01	-6.593040574120154	11.059034583447142	9.44640387406472
6929742015_R06C01	-11.984852874426704	4.1507411898411055	3.290490082991845
6929718030_R01C02	-1.323873791907095	2.8725984824831703	9.595014664233721
6005486017_R01C02	-13.056334945845867	1.6957639588371045	1.1054293899863685
6026818055_R01C01	-5.136556840237413	11.274881797512634	-10.143945329021586
6057833057_R05C01	-11.884323740540097	-3.3635872872634347	0.21167303411321464
6042324035_R06C02	-12.533538519198729	1.7018048371035386	5.71242877598694
6042316130_R05C01	-2.2865889157279593	18.673422105303754	-3.001855924361525
6026818102_R04C02	-10.882699013279217	4.027649814172657	8.997209273200781
6229009059_R06C01	-6.683998963359397	-12.190623608242884	-3.497730783932146
6005486005_R03C02	-4.68085100832875	-0.4305107986326822	2.9045400881548207
6042324005_R01C02	0.33491150699689043	12.157187813553437	-4.797767175936661
6026818139_R05C01	-9.382214756209283	-0.21462382789476095	-12.393721887474058
6026818111_R03C01	-9.477643682584286	-3.9591481548903564	-2.7236684154155433
6929718036_R06C02	-10.85613475205843	-3.4178409451865677	-5.694146831123779
6929718043_R05C02	-8.724324457821098	-0.9966292205877086	4.564996737810179
6026818144_R03C01	-10.172336032581764	-3.075071400002845	-12.585432073731848
6005486012_R05C01	-11.869736093344093	0.14891500065342098	6.19350657660018
6929718014_R04C02	-11.46145288845135	-2.4642881763333393	-9.920169401106143
6929742015_R01C02	-13.588170022985006	6.516418138669696	-6.222658136471886
6026818144_R05C02	-14.199567569438294	2.9326829657726794	-6.724178157111811
6042324035_R01C01	-16.094786383054693	-3.829875518118848	-10.659447528096067
6042324071_R05C01	-17.064505023997366	-2.6394667797235716	-6.324093862412421
6005486025_R02C01	-17.52368831969506	3.954765086982525	-3.953141925091395
6026818145_R03C01	-13.366393012762204	2.4224887718552095	-8.0072112385021
6042324071_R05C02	-17.965436387842246	-4.886883304032649	-8.578242311957805
6026818144_R06C01	-14.312356132245165	0.7099028325279171	-10.814208229820485
6042316157_R06C01	-16.307640700762644	-2.514106897145823	-0.34220053243524085
6042324070_R02C01	-17.147142562165577	-1.7983265444906344	-10.939160474485918
6042316157_R02C01	-16.896922919207302	-0.5663746608774313	-0.12224688524086838
6005486011_R02C02	-15.786208006285722	-4.549975904811939	-3.8659851100703335
6042324072_R03C01	-16.930135754336664	-3.849821248607173	-7.785318507975853
6026818108_R03C02	-12.216706688751605	1.7370095010571651	-10.526024126539667
6005486013_R01C02	-17.265330789701938	3.2190920921115667	-1.5186907614374083
6042324006_R03C01	-15.836633477103797	-1.8752155140260316	0.60837811784716
6042324071_R04C02	-17.426371845244738	5.267026424105746	-4.761374031883729
6042324072_R04C02	-14.916235352420893	-3.3715079286317557	-10.006685475346423
6005486025_R06C01	-18.12501525203389	3.245410475193021	-2.4533065697270615
6042324030_R01C02	-15.562981504448736	-5.22259201725276	-9.980743551370907
6005486011_R03C02	-16.74197243450587	-5.763802315252919	-5.068531203499114
6042316130_R04C01	-15.18291970378917	3.9410045991051224	-5.161508169605234
6005486011_R05C02	-15.670788308909327	-9.100931391676228	-6.660109973457134
6057833134_R03C02	-15.284339572110275	5.737516089160406	-4.724612324117999
6042316130_R06C02	-14.027155986715961	4.474299657867213	-4.802802232582625
6042324005_R03C01	-12.949045034814146	4.358266384689095	-6.049646940430685
6026818135_R05C02	-13.765467509019276	2.9005113704733954	-5.213638518576266
6042324048_R03C02	-16.48919425481138	-1.3056982547365863	-6.169713279196369
6042316157_R04C01	-15.853292923545988	-3.647651407673947	0.5371068362749754
6057833159_R05C02	-13.846885952964739	-1.0438097752485078	-6.080410226011991
6026818129_R04C01	-13.80923824763708	1.1739000026221342	-5.394655007627894
6026818122_R05C02	-14.239806358309655	0.41962692779427885	-8.88981047247311
6026818132_R02C01	-9.519403001415004	2.550951478509013	-8.573170838510777
6005486011_R04C01	-15.650280161168627	-7.660485988894722	-8.25418133994942
6026818070_R01C01	-9.640851703104616	0.9866760710631494	-11.139996911423644
6042324006_R04C01	-15.77907118388523	-4.244385130591148	0.7768028735369346
6005486011_R01C02	-13.10205029001505	-5.171207516177773	-7.448564081622896
6026818111_R01C01	-11.151456577363444	1.2631002523208603	-9.002140103768403
6005486011_R03C01	-13.36086891073987	-7.27226401592999	-7.357409710063304
6005486025_R03C01	-15.103563746550254	-7.090747894897299	-10.039588634665257
6026818144_R01C02	-10.480574715868578	-2.079958697477759	-11.15327693393104
6042324035_R06C01	-17.439384955984547	1.7747508315958287	-4.107116079465367
6005486013_R06C02	-14.633831363912396	-8.068090273714775	-5.082457415946947
6026818102_R03C02	-15.291857973471219	2.127663514564841	-5.975076495505918
6005486013_R03C02	-13.963325956889788	-6.297735663203343	-8.571325622677017
6057833134_R04C02	-14.099186947926837	-2.0017163673455176	-6.442537775689288
6042324006_R05C02	-15.526610628619029	-0.8380162472103229	-0.8043492994081487
6005486011_R04C02	-16.181453607453353	-6.479135857015344	-6.055606092927276
6057833166_R01C01	-11.775185346224623	-0.706259725093847	-5.877962065314166
6005486011_R05C01	-12.640004977730113	-9.63152234215026	-7.714816346691418
6057833101_R06C02	-8.282943805577226	0.7216887330014919	-12.246169111260443
6026818111_R04C02	-11.571118531621455	-0.46093458474871835	-10.248669520164949
6042324035_R05C02	-17.988638453378346	-1.6180806059582014	-5.6430527288051735
6026818144_R06C02	-13.410789289655355	0.03787617702908343	-11.614597737790216
6042324048_R01C02	-15.879579771298578	-2.141472930211039	-7.6981363589818805
6042324035_R01C02	-14.576120349887159	-4.8845497071347745	-10.59575388253594
6042324070_R01C01	-16.311299505163248	-1.9712146164398268	-11.915245096492697
6042324072_R02C02	-15.81576905927582	-3.151531501288813	-8.542416268938043
6042324037_R05C01	-17.1438864935814	-0.31985972961569553	-5.2790796024454885
6005486013_R05C02	-12.743927582942861	-7.842714511205455	-5.414301364650911
6026818129_R05C01	-13.035581646928941	1.197464312023162	-9.221202722276244
6042316130_R04C02	-8.671915776365811	-0.3421724925359123	-11.202198663321047
6026818139_R01C02	-13.250394114001054	3.6542830878514994	-9.1994580068589
6026818128_R03C02	-14.643281125357245	1.6021642347470757	-7.749657836955426
6026818129_R01C01	-12.907113673826505	0.8575672476311719	-6.947732952830976
6005486011_R06C01	-14.769039240960156	-6.091085500371884	-7.068588407590162
6005486025_R01C01	-16.548244599202928	-6.592349296940368	-8.052123467686618
6005486011_R01C01	-14.49825668776084	-6.805210445581545	-5.7614759626558385
6026818128_R06C01	-15.198646703846643	1.6104967319726304	-9.506140110848841
9305216132_R01C02	1.9724582910304973	4.135130193897302	-2.9090190363444175
6285633051_R05C02	-5.574926767440666	-8.530118362139179	8.03098180068532
9993943005_R03C02	0.5923612977271078	0.8753714419201363	5.089402707467059
7796806103_R04C01	10.210510812211771	-7.899045130145086	3.1821498183674417
7796806103_R03C01	-1.2115636636318394	-8.1732375695419	-6.981051209528098
7796806103_R02C02	6.6795356408912285	-0.8515392548500526	-6.487965931244561
9422491072_R04C01	3.3170580875432423	-4.496905458961206	-5.574737682513277
9422491072_R05C02	5.05506973461194	-4.040008425715742	-10.979702937682148
9422492113_R01C01	14.534508003267575	-3.6289112299275126	8.165915308887248
9993943005_R01C02	-0.31087217090087493	-0.07063180642331172	-1.245903282739838
8784241071_R04C01	-7.707212548060821	7.489914983660169	1.6201300766302384
9993943017_R05C02	13.022943468215741	-6.365672998938268	10.115110715655684
9305216147_R01C01	11.89695491141036	0.022080254623257044	4.398388966506172
9422491072_R05C01	-2.121496539182914	2.7655202727746007	-3.994989685868534
9422492089_R05C02	8.597111423752128	4.252518220191988	-5.85494268052757
7796806090_R01C01	-8.289786824786859	10.416020505909325	4.650634821503598
9422492089_R04C02	-4.443308968854547	11.227150483773702	12.358998424848929
7796806109_R03C01	1.846672318295205	-13.362182064599288	-5.44597339985804
7796806088_R02C02	-9.988310368138169	2.9264558972379198	6.970467061502168
