sample_id	1	2
7796806090_R04C01	5.481346982536506	10.481185033263676
6285633051_R04C01	1.484830305664123	9.730250336900768
9993943017_R04C02	-7.529431606513446	-3.0947262186221813
7796806090_R03C01	10.117891091382205	-8.832465979009234
3999997079_R01C02	-4.960229834672629	-11.495640497543125
7796806055_R02C01	8.12448807145946	9.500182618293552
7796806109_R05C01	10.476379877124389	0.2900753138106968
7796806090_R05C01	-13.972652178275004	2.431277466541253
9283265058_R05C02	0.13250387962746027	-8.430554564241977
9422491072_R06C02	8.134797730461234	-7.322631675866999
6005486021_R06C01	8.753197833540561	-4.564593565580638
9422491072_R06C01	-7.259160592240829	0.08775020005219769
9283265077_R01C02	8.390609433752958	-2.453086917470286
6057833101_R04C01	-0.34228522914674614	8.958940197227117
9305216146_R06C01	8.193124013900224	9.073518565090925
9305216132_R02C02	-1.2271552801777237	3.4627676362647497
9993943017_R01C01	-7.4673196153504575	7.593929377167586
9305216132_R04C02	2.272724103781958	-6.753590901725502
9422492113_R03C01	-5.198576180607533	8.589063916901587
8784241071_R01C01	7.58687268626222	3.6355511528290196
9422491072_R02C02	8.84017579556431	-5.875321773328722
6004791020_R01C01	-10.884085709175269	-8.268962098002548
9283265014_R01C01	-13.714789673580567	2.9325768424582344
9630789227_R01C02	-4.1750777634390905	-0.7005553818238811
9993943017_R04C01	6.47242503746757	9.17701913542353
8784241071_R02C01	4.376445313060893	3.7757618598104505
9426020160_R04C01	1.7364432566465242	5.2122445167997595
8784241071_R02C02	4.809274541225592	3.8634148745521566
8784241036_R04C02	4.545755424778238	2.3751936239462275
9283265014_R04C02	-13.295690615782974	5.279521469232796
9993943013_R02C02	-8.63299925175668	2.021468231094781
9630789239_R02C01	-12.313456168606663	-4.299261975494134
9993943013_R03C02	-0.8542433321690944	-2.853967766010321
8784241046_R05C01	-1.1788733108143146	-2.90986563623392
8784241071_R03C01	0.41607618938802277	3.936022247116939
9283265077_R05C01	-6.727491951662911	-2.2070226394759396
9283265058_R06C02	-7.284931553188492	-6.828237352905864
9305216146_R05C02	4.352272469530566	-1.5146420259739704
9283265077_R02C01	5.590639945369086	10.480098065611829
9305216132_R03C02	9.774972749575047	-7.08216247766019
6042324072_R02C01	8.395770090070583	8.68664794384292
9283265077_R04C02	7.14860616519539	-11.03159781214093
9305216147_R02C01	4.231262960930751	8.52139298363062
9422491072_R01C02	-1.8177710610088516	-9.846235531433965
7796806088_R01C02	-5.647757205999419	8.314617034399296
9283265077_R06C01	1.1138623612992495	2.071380004671718
7796806088_R05C02	2.7318870874874643	8.9117126287942
9422491072_R03C01	4.487031717268664	-1.6422814499046476
7796806088_R06C02	8.690330498325622	-5.988010573855324
7796806088_R06C01	5.270308467882512	-1.2155378851339653
9283265014_R03C01	9.434106442631546	-9.362554452126252
9422491074_R02C01	7.75562404205939	-7.739901494090303
9426020160_R05C01	-15.772620549195336	-0.707158486082657
8784241046_R06C01	9.796710243852988	-9.414918297484478
8784241036_R03C02	5.481078606387578	-3.677009527994569
9305216146_R04C01	7.092159393599503	9.30441005964775
8784241046_R02C01	8.094079231783981	-7.036063008707635
8784241046_R06C02	1.4600588948447317	-12.561773382219846
8784241059_R05C02	-2.3524710933927864	-12.857473447206088
9630789239_R01C01	5.962426713174601	-2.8800407437626117
9305216132_R05C01	1.8762879891213415	6.944817049559915
9422492089_R01C02	-11.03208646301464	-2.985704368859989
9993943013_R05C02	7.1787449640120276	-1.7394353162530742
9993943017_R02C02	-10.928521741204264	-2.3613586644045372
9422491074_R05C01	-8.710645117929495	-7.317606150571989
9283265077_R03C02	7.9782669357555385	-9.11371972385274
9422491072_R02C01	7.2939617533704695	0.919142703169761
9993943017_R02C01	-14.583430214155172	1.604629441805629
9283265014_R05C02	4.996843375625664	8.649135113838728
7796806055_R05C01	-8.595708605757151	-7.53309655118381
9993943005_R01C01	-7.037919879996876	-5.571686058119124
6042324070_R03C01	-0.5418399595976928	11.535997331391115
7796806103_R03C02	-13.62049089391808	-2.989463889236516
7796806109_R06C01	-2.607754869610189	6.41570349781513
9630789227_R04C02	-1.387984224559158	1.974902563646839
3999997079_R05C01	-4.2800867725661265	-0.702533439152024
9283265077_R02C02	-11.591465372672337	0.04137680635884833
9283265077_R01C01	0.6821885951423071	7.393223256771636
8784241059_R01C02	-11.5301069263316	7.7264897217068444
8784241059_R06C02	-14.829293423648993	0.8597584750921574
8784241036_R02C02	-9.861714395716143	4.386153337278786
9422491074_R04C01	4.459364849407297	9.371742382292094
9283265014_R02C02	1.8179852751835592	-13.321696203926749
7796806109_R04C01	8.248388432325916	7.159331358884194
9422492113_R06C01	4.260714382892163	4.55533319892667
9305216146_R01C02	-14.421466384420853	-2.4451925698191923
8784241046_R03C01	-0.6181740677761114	-2.8865319015724324
7796806109_R02C01	-6.886673288521124	-11.648301296837724
9993943013_R04C02	-11.815139800734354	9.000847618690749
9422492089_R03C02	-7.888764049508043	3.3535268638827556
9305216132_R06C01	-9.813873433723346	2.0307798597615543
8784241036_R05C02	5.540691556581135	-2.981040009910107
7796806055_R04C01	-10.588722018212891	-8.521163190631643
8784241046_R01C02	7.602913071366665	-3.8853831008303312
3999997079_R02C01	15.844280937428799	-1.2584391185455628
7796806032_R03C02	10.017169523150315	-9.307201654352708
9283265014_R03C02	-15.659106507608785	-0.8996095133910635
7796806088_R04C02	5.261343681060861	2.8167724321381855
9422491072_R03C02	-7.924434963447621	-10.719646043596898
7796806055_R01C01	7.7952926836652106	-2.704897435917411
9422491074_R01C01	5.717088047354662	-2.955658734031723
9426020160_R01C02	3.8993241150535147	8.007527890212932
7796806090_R02C01	7.86890294928377	-2.541772043128421
9305216132_R06C02	8.764983141216682	-6.197984269936692
9993943013_R01C02	-2.919477821290368	-0.864322254420138
9993943017_R06C02	7.814017265879996	7.413882759014278
9993943017_R03C02	-0.47356910354185805	11.630663972668916
7796806090_R06C01	7.468481267962379	-2.585015315085443
8784241036_R05C01	0.9039027780242547	7.396296361165165
9993943005_R02C02	-10.98131075560063	-2.7105534788839267
9993943013_R01C01	6.358712633813124	-6.418871296990103
3999997079_R03C01	0.6007125824241422	10.431728030679269
9305216146_R02C02	8.618990146819899	-4.107819501459087
9283265077_R06C02	-10.259349621527523	-5.246592686545939
9426020160_R04C02	-11.84142166796322	6.8202103699726635
9993943017_R03C01	6.851597803350789	-1.1862475532044492
8784241036_R06C01	3.429819634506594	8.005706392541919
8784241036_R03C01	0.5244169332844506	2.339417229401644
9283265014_R04C01	-6.994322103190028	-5.371291284688973
9422491072_R04C02	2.383561390593713	6.861201121954457
7796806032_R05C02	0.9999776656156066	5.451118093519807
7796806088_R03C02	-2.4652747259871823	7.361124212848972
7796806090_R01C02	-11.855371106698158	-0.18722522362628244
9426020160_R05C02	-9.910870244408832	-7.071986206344959
7796806103_R05C02	4.283368053507034	9.517170186667812
9426020160_R02C01	3.14735237337398	4.527884118897041
9305216146_R02C01	-1.6226145994072498	3.918361960622346
8784241071_R03C02	-4.240941444893025	7.238133583136667
7796806103_R01C02	0.2621537815800021	3.0118598446177107
8784241046_R04C01	-2.680615813011269	10.788878325479402
9305216146_R04C02	-7.318379444258369	-10.573323340084903
9283265058_R04C02	-6.155800241985365	10.584490266192258
9305216146_R06C02	-7.608477799323679	-3.537962771079655
9630789227_R06C02	3.4970855701805896	7.75007304520794
7796806103_R05C01	-9.56838333819929	1.2972733566792911
6285633051_R03C01	-12.098921867815902	-0.2073973442061544
7796806032_R04C02	0.8373770505007311	2.045594627941086
9283265077_R04C01	-1.7257825193256402	-2.769871756150657
7796806103_R06C01	-7.8511365906062345	-5.453222205122311
6285633051_R05C01	-12.101466695000031	9.112714661679302
9426020160_R06C01	3.0408117573025657	-4.903503583412326
3999997079_R06C01	-11.894216607838247	7.6720615761943245
6042324005_R02C02	7.898985154682718	-2.016184277051923
9422492113_R05C01	-12.85254782641434	7.318225570500323
9630789227_R03C02	-4.747321853784163	5.921187957301482
9993943017_R01C02	2.7907863613916524	-3.7708906238803253
6005486014_R02C02	2.360875032051149	-11.121011041993226
6026818132_R05C02	3.972365974280821	9.547205512849468
7796806103_R01C01	7.440659273662978	-0.027840377690106954
6057833134_R04C01	1.3470192472051157	-12.449307489414903
7796806032_R06C02	6.59764119032684	-5.670036724442829
9283265014_R05C01	-8.404631725541883	-5.870314320180186
9283265014_R06C01	-2.38765680958455	-9.250442204514888
3999997079_R04C01	1.6983423305767102	-13.072280512666888
6285633051_R04C02	1.2856553449343213	2.284387938645947
7796806032_R02C02	1.0166105059941097	5.471839694235482
8784241071_R04C02	12.90031047935234	-2.0136629979625416
6285633051_R06C02	-0.6330201552347454	6.9088891205372756
9630789227_R05C01	0.8424575710997912	9.696833388336147
9630789227_R06C01	4.608701633254211	4.239907605732533
9993943013_R02C01	-7.420311588861484	-2.8659535579590734
8784241059_R02C02	-12.197585434926507	5.942771781611315
7796806109_R01C01	0.5558776782162442	-0.6168098250689517
9993943005_R04C02	-6.008107482758426	9.279579273250217
6005486013_R01C01	-11.07229031155285	-1.4488386797952932
9426020160_R01C01	2.7243018449622363	10.68422117445448
8784241036_R06C02	-5.928441838990739	-9.675246993702276
7796806103_R02C01	-6.194761544857671	0.9526254697930293
9993943017_R06C01	0.8881019017327884	3.978663311447594
8784241046_R01C01	-5.44306320145482	7.09936708382833
8784241046_R03C02	-2.454414202658318	-8.84186896649312
8784241036_R04C01	-14.62592416169103	1.5360140019392199
6285633051_R01C01	-0.49368133877113746	-11.58815388089776
7796806103_R06C02	1.7667915009653488	6.864965103288019
9630789227_R05C02	7.006920562091871	7.91008316043845
9426020160_R03C02	-4.905996253454733	-4.328100646692463
9305216146_R05C01	6.671475991343769	7.82322863384574
9630789227_R02C02	8.36061002943322	-1.2068253241407463
9305216132_R05C02	-13.164631331930332	5.097256467370279
3999997079_R03C02	6.683426400747694	-2.68636281518933
6285633051_R02C02	7.100315791492599	-1.5482085026168655
9422492089_R06C02	-1.6838969546788445	-10.449177191996432
9305216146_R01C01	-0.7567293484361242	2.130617581237635
9426020160_R03C01	1.7347713240868807	9.774880466963808
6057833057_R03C02	5.127006091751691	4.143627593410287
6285633051_R06C01	-3.334847886218925	7.860658906456019
9993943013_R06C01	-10.952237416820166	6.473795725312881
9283265014_R02C01	-7.204721112863701	6.792137815155964
8784241046_R05C02	4.402080867262904	2.332715155835777
9283265077_R05C02	-1.5488803857810107	2.4032548102112834
9422492113_R04C01	-2.8166015536926143	10.925638816434217
8784241046_R02C02	-2.581994733891861	10.954711420449826
8784241071_R01C02	-3.168091105744562	-5.214078775650789
7796806103_R04C02	11.600761272807453	0.5633381753129216
8784241059_R04C02	-4.467410712285571	-4.091204807319129
7796806090_R03C02	-9.818499277304515	-4.148580079152565
9283265014_R01C02	-7.3325183590354825	7.332520514530216
8784241036_R01C02	2.3419118084806523	7.573105147991348
9305216146_R03C02	-5.87697232703944	10.840934498133944
9993943005_R02C01	-6.6756735596514645	4.290628051804018
8784241071_R06C01	-5.297716188735816	-7.931219420933088
7796806090_R02C02	4.0394269283388855	3.676115877188119
6285633051_R01C02	-10.975492959957474	-2.7199979329829205
9422491072_R01C01	0.5731323988576033	3.883561150738373
8784241071_R05C01	-5.977530754209513	-9.235250034406336
3999997079_R01C01	-9.485755797038156	-8.702316271484696
9422492113_R02C01	2.3549212433421065	3.5930758621645396
9993943017_R05C01	0.0028291870940706106	-7.970657426346862
9993943013_R04C01	-4.688591082739144	-10.455242099021355
8795194127_R04C02	-10.943488549348315	-2.346464840028107
9422492089_R02C02	3.3455138048827924	11.779589534639634
6026818055_R02C01	13.669398910513062	4.697996093419959
6026818111_R05C02	15.794537280115426	1.7811871200407272
6026818122_R01C02	16.01041613397184	-1.190431352505245
6042324030_R05C02	14.474020617522616	6.277241973452742
6026818111_R06C01	14.848431597608048	5.464736191223309
6005486013_R02C02	12.947941311172908	0.38298079774012
6042324070_R01C02	13.96389356508184	4.323036568184812
6026818135_R05C01	11.085592026305713	0.41851149086733846
6005486025_R04C01	14.59649591838385	6.1632227644679
6005486011_R06C02	12.21503517066112	4.592724724679255
6026818129_R03C02	13.641433230918189	1.4979944289741374
6042324030_R02C01	14.271467858407973	0.5422890581953712
6042316130_R02C02	16.32666647158785	0.9488960829039079
6042324071_R03C02	15.374945772274618	-1.0191107647462194
6005486011_R02C01	12.524568249033745	-0.195122192350576
6042324070_R06C02	14.353280600483393	0.813327312330227
6042324005_R04C02	11.338401214622024	4.391098776832851
6042324030_R06C01	15.421080748157829	-2.8638797983022357
6057833166_R03C01	16.010253611682923	-1.4883396187898845
6285633051_R02C01	13.75221300082851	-1.708728984456605
6005486017_R05C02	2.6581567955571224	8.971701700973975
6042324070_R06C01	-8.058592035658647	0.9688814211256198
6026818102_R05C01	0.5538718696177837	-0.8156675707206901
6005486012_R06C01	-2.4122953700542213	9.707434821563485
6042324030_R05C01	-1.9699862440750056	3.7487411601708813
6057833141_R02C02	-7.410261990300566	2.2918419774625827
6929718043_R01C01	-4.377414062342387	5.93035932318375
6057833142_R05C01	6.35495618301631	9.433350950016608
6042324035_R03C01	-8.882838298452244	3.970581080938022
6929718043_R03C02	6.964463808145922	9.701930251259006
6042324071_R04C01	-6.854929560471108	-8.731291621596485
6929718030_R04C01	-6.0165331597278495	5.152610877407156
6026818139_R01C01	-7.098793408979777	-11.301714822968085
6005486012_R03C01	0.8454572405008906	10.02306380359589
6057833159_R06C01	-4.520059731336469	5.1195435403759735
6042316141_R04C01	-4.420863496191202	-4.028419299161875
6005486019_R04C02	-15.057781635686698	-1.6253896939423795
6042324030_R04C02	6.6137596178397	10.077934273507749
6929718043_R02C02	-12.476824503047894	3.335595630403761
6026818055_R02C02	1.5836755760174992	0.055269528014120314
6042324037_R01C01	-11.260310121390416	7.457010934628429
6005486019_R02C02	-8.25487733984553	-10.880240183958419
6042324071_R02C02	2.151784955745271	5.7686438499687025
6026818135_R03C02	-6.779980568680029	-0.30072473228301627
6026818122_R03C02	-0.17713227728976033	6.811078377593336
6929718030_R01C01	-7.9440518511384814	-6.814138534929895
6042324035_R02C02	-5.64749666614407	9.341345433053473
6026818132_R06C01	-4.456457043185015	1.8048513444435594
6004791006_R02C01	-4.378405106947646	-4.027065773216179
6005486014_R03C01	0.8066329680035182	-11.564353074574637
7786923105_R06C02	11.842325855836972	1.866278501805191
6042324011_R03C01	-7.578646515134731	-9.2785310842805
6026818122_R01C01	0.5230200921506661	4.894865679837051
6026818132_R01C02	0.9498295421556257	2.048547465654368
6005486021_R02C01	-10.834976045481415	-1.327348221161295
6026818139_R04C01	0.10368997595076458	2.1700526699634786
6042316072_R02C02	-7.171799671071716	6.73198738596321
6042316072_R01C02	-7.277825513862414	-3.1427820628475813
6057833155_R03C01	-13.219885727744233	7.431142338868777
6057833101_R01C01	-5.099047322947612	-7.582444157443169
6004791010_R05C01	-12.235469563300386	-0.9952435709401548
6042316141_R02C01	-11.409285613678547	7.165150324882222
7796806125_R03C02	-6.877351574766184	-10.586634675531345
6042324070_R05C01	-5.5486895221685835	1.1088339329613672
6042316072_R01C01	-1.2725708613301556	-2.3404647804548024
6229009066_R03C02	-0.9998761808714481	-2.961809599247388
6057833101_R04C02	-4.177929796330511	-9.537767527685686
6229009059_R06C02	1.1118447440447365	1.850201273645234
6026818132_R06C02	-5.6478994689996025	1.7299793800832888
6005486019_R01C02	-1.6670787400884475	-2.79521028468831
6004791010_R05C02	-6.977201605352242	0.059199921952921356
6005486014_R04C02	-8.629815212473538	-10.139019828188612
6026818128_R05C01	-10.57858698274258	-8.547100563203887
6285633072_R01C02	-6.568879059604392	4.9700914102275755
6042316157_R02C02	-6.366939121028564	10.801210024099273
6229009060_R01C01	0.9905944476219919	-2.190951480215293
6026818145_R02C01	-9.089780742869031	-8.192704525349182
6005486017_R06C02	-12.248258244049305	-1.719206666164605
6929718030_R02C02	-6.737608337411793	-0.6935962246045396
6042324035_R04C01	-1.8305221035754855	9.827827315605058
6005486021_R05C02	-9.68628845400093	2.4050706893702367
6042324048_R05C02	-6.221606326390629	10.673994907525307
6005486012_R05C02	-9.308923002016284	4.230775470201705
6004791010_R01C01	-3.870132325452408	1.42259796928772
6004791004_R06C01	-0.15624415795925084	3.0658984848970428
6026818129_R06C02	-6.693168855970211	-1.7004217992071518
6026818144_R04C01	-2.9375240939676015	-3.051986211109191
6042324048_R03C01	-0.9361904516532745	-12.074796158186215
6005486005_R04C01	-3.8104859770975055	-3.22483893863024
6042324072_R03C02	-0.5098576162979972	-1.2137446040615782
6005486017_R02C01	-2.7345106284708534	-6.557509360505787
6026818122_R06C02	-8.741099509191297	-7.257821891816346
6057833141_R03C02	-13.954813948317563	-2.8448477409205175
6005486019_R02C01	-5.840570802423616	9.236234241111301
6004791010_R06C01	0.9284353448792512	3.841843130624153
6042324030_R04C01	-9.510850621665368	4.32763640692216
6026818102_R01C01	-7.754095866635873	-5.107890676631909
6005486014_R05C02	-12.028013071616677	9.420082020802816
6026818122_R03C01	-9.524565386387685	-8.845818345487688
6042324070_R05C02	0.4302958995555952	-11.15354877300928
6929718036_R03C02	-12.493305140261494	3.5528708746747384
6929718030_R06C01	-0.2432043565855712	-2.772824987928746
6929718030_R03C01	1.1379872564829865	9.806986331889352
6229009060_R06C01	-7.013439664711801	-4.863558266722663
6229009060_R03C02	-2.1500559797742294	-9.803602226705591
6026818135_R02C01	-9.041300331963432	4.2823893653434775
6026818111_R02C02	0.6528587882620717	-10.858334255763587
6057833159_R05C01	3.9430389218991646	8.148546307992113
6005486017_R01C01	0.8792755132432243	-11.403444662411239
6042316130_R01C02	2.9504493369297724	1.6375414035439664
6026818128_R04C02	-9.606431848985656	-9.456117078490015
6005486021_R04C01	-7.760764233142756	3.440113286741439
6057833057_R04C02	-2.585263535057313	9.79627223663841
6057833101_R06C01	-14.920524079140266	1.1505780068424498
6005486013_R02C01	-8.307372849308114	-7.673833035272055
6005486013_R04C01	-12.435591941079362	7.398137148600941
6005486014_R01C01	8.403686149828424	9.379493814971962
6004791020_R05C01	-1.2861196832418147	1.7358939041888186
6005486021_R01C02	-0.38305299214050226	-7.819053668084117
6042324006_R01C01	-9.449590160657557	4.249577981316915
6005486023_R04C01	0.37291184278257017	1.070006724169843
6005486021_R01C01	2.441902280451826	-11.044778445478467
6057833141_R06C01	-0.7233270985752289	-2.904804871196117
6005486023_R04C02	-13.097691744442274	8.05293144949398
6026818122_R05C01	3.09723499680705	1.847574091914714
6057833159_R01C01	-11.308849797000672	-1.6199334750202061
6042316141_R03C02	1.5003609583944582	-12.4276025659415
6005486029_R04C01	2.341544680964306	7.759084761338218
6026818144_R05C01	-0.3387669593675678	-2.810372326301885
6005486012_R06C02	-14.4802079297734	0.015832795792534392
6026818135_R01C01	-4.0742919654061565	8.52354179384027
6929718043_R06C02	0.4164287335037025	8.975072997286174
6042324072_R06C01	4.113662981544569	11.617724593154236
6005486017_R04C01	-10.198714834908381	2.9402152035129863
6026818108_R05C01	-5.180117794248632	-9.767375471969075
6285633072_R04C01	-10.128686893174448	-4.574899125860551
6929718043_R06C01	-5.559058069625591	-9.70607310627636
6057833166_R04C01	-3.4720875232195336	-9.219307008794539
6004791020_R03C01	-5.6887974493758735	10.572966243979723
6929718036_R01C02	8.206231119952207	9.35879671706019
6057833159_R03C02	4.794594599863488	10.809259654570882
6929718043_R04C01	-0.1198612019249484	6.528285289737234
6004791006_R05C02	1.057105215099254	10.027544073969882
6229009066_R04C02	-5.522007533091239	6.928919731226519
6229009060_R05C02	-5.234588315411588	6.603424251208834
6285633072_R05C01	0.732827832624149	2.8761464335187688
6057833057_R06C02	-10.978426613078478	-9.41027552932368
6057833159_R03C01	-10.220548647628823	4.580890852241525
6285633072_R03C02	-0.25995564790926623	-3.4778588937102066
6042316141_R03C01	-10.68678857417899	-7.977363143318885
6026818122_R04C01	-6.938784685654949	-10.50394115086803
6042324048_R06C01	-13.389920606264583	3.2560603829094843
6005486013_R03C01	-11.168824849023654	-7.326712046644327
6005486017_R04C02	-11.91850989388945	3.4972103171452154
6005486019_R05C01	1.7765708273563545	-13.23365672154467
6057833159_R04C01	-3.1470925051863827	-5.303025204678884
6042316141_R06C01	6.430712589402813	10.198584090933688
6229009060_R02C02	-12.341877906011998	-1.6893045974410774
6026818139_R02C01	2.605016162258983	9.092894365117754
6042324048_R02C02	-8.971393403642303	4.346717744209989
6026818135_R01C02	-1.3980446188038933	-12.922122374872407
6057833166_R05C01	0.36517321404044895	7.268969090684382
6005486014_R05C01	1.014788044330522	1.8560793244922564
6005486017_R03C02	-12.976595849441154	5.222192834124764
6042324011_R02C01	-7.003399498696782	-10.60703814064477
6004791004_R04C01	0.2103434398067134	-11.401667432043917
6026818122_R02C02	-3.6390751992444925	-7.46186143251269
6042324037_R01C02	4.6387165758169235	3.910229391754802
6026818055_R01C02	-4.130366710325599	-9.888663212921443
6929718043_R01C02	0.4162104911044269	-10.87793177855612
6229009059_R01C02	-2.3225025182689976	3.647803338187692
6229009059_R03C02	-0.9052964315121188	-4.424747704579579
6026818108_R03C01	-7.582914909186724	-10.510741397703674
6005486005_R05C01	-10.700653574447053	-1.4236026293768922
6042324005_R01C01	-8.393426480557356	-5.028098568087437
6005486014_R03C02	-3.483357580256464	1.494410458769762
6057833155_R03C02	-0.7548134596189877	-9.751280092542627
6005486021_R02C02	-13.293936804639003	-3.21519983469786
6026818145_R05C02	3.5290841412816207	4.173199091692158
6005486023_R02C02	-0.8316781860362177	-2.8843685433098853
6042324035_R04C02	-5.335462552223661	-9.063077824098539
6057833134_R05C02	10.51463950971292	0.3520417581705046
6005486018_R05C01	-14.912777373360518	-1.321581975862628
6026818102_R02C02	-10.942483689152466	-2.8138872681451774
6005486029_R05C01	-9.777284548534292	-4.399898388963338
6026818144_R02C01	4.626187496464465	4.041863160292998
6026818128_R01C02	-13.74575049936049	-2.852507577476407
6005486029_R04C02	-5.384946300404891	-8.24765467481567
6057833142_R03C01	-1.0686767066584268	6.885603803927844
6005486025_R05C02	-1.4321693720827422	-3.1119071461121
6057833057_R01C02	-6.403063420258915	2.3209565726363848
6042324037_R04C02	-2.5283504380252446	10.885115314172703
6004791010_R06C02	-9.62934150170642	-3.7108199978341108
6026818122_R06C01	-1.7763232082675073	-12.982034572830386
6042324005_R04C01	-14.795498470444029	-1.9127905796030842
6005486012_R04C01	-12.427332341327654	4.040679187967518
6026818139_R04C02	-5.289160325714114	-9.37256271069816
6004791020_R04C01	-9.547591531654325	-7.5913699556787195
6026818135_R02C02	-8.850619444094805	-0.15663905750615043
6057833101_R03C01	-7.0460671379688025	0.20098554967759313
6026818070_R02C01	-8.631382237291923	0.5997978548127648
6005486019_R01C01	-13.482574461745045	3.525882000798428
6057833159_R06C02	4.576448750849484	3.978230813724893
6929718036_R04C02	1.7028040147838492	4.5317084616965575
6229009059_R02C02	-9.38090472021377	1.8975932101559372
6004791004_R03C01	-6.658484062195344	9.073176838892866
6026818132_R01C01	-6.61026648579548	6.153564104855291
6005486017_R05C01	-5.475036451481574	6.744791214210624
6005486014_R04C01	-4.196636470027156	4.18420731372812
6285633072_R03C01	-3.7634653668435227	9.91839175464018
6042316141_R05C02	-10.00765792281745	-8.567425878995405
6026818144_R04C02	-9.6535344756623	-4.269443765437097
6005486021_R04C02	-6.658414679712668	6.204292790635834
6005486025_R04C02	-7.074837458397566	6.940829560509639
6929718030_R03C02	2.877382958496845	8.431319486793257
7786923102_R06C02	-2.325827437305538	11.198866595581933
7786923105_R01C01	-10.449210735706966	2.0772092512111677
6026818135_R06C01	-3.694006454393051	-6.603803966127441
6057833166_R02C01	-3.6571501294291298	-3.7770360224782995
6026818129_R02C01	-6.123696888817077	10.807329071799701
6057833159_R01C02	-7.8526805258276475	-5.1857890532483175
6285633072_R06C01	0.2954210632647999	2.9864654243779136
6057833101_R05C02	-8.6244575611993	0.4543550085952785
6026818102_R06C01	-1.60641351867189	-12.6539557251416
6005486021_R03C02	-4.532662744980688	4.77729535278782
6057833057_R06C01	-6.999434649296487	1.477207119064397
6005486005_R02C02	-0.11957131025554846	0.7340049735946178
6004791006_R04C02	-10.37193222639139	4.528380667717675
6042324037_R05C02	-2.9313139729781454	1.2550952626541927
6005486018_R02C01	0.7600302359767315	3.8217171168394355
6042324048_R01C01	-3.0305410945650357	1.3569380846857844
6004791010_R03C01	-12.651540875002736	8.65346262587595
6042324072_R04C01	-2.2479160909173435	-2.7603836873843814
6229009066_R02C01	0.6114010101182359	-0.6187216768844777
6005486023_R01C01	-11.706685614705437	6.56240795042354
6004791020_R04C02	-4.05122499961806	-0.7338639994794217
6042324072_R05C01	1.5050957379275063	2.709988785380339
6005486029_R02C01	2.4982179063047893	-10.949966169413146
6042324030_R02C02	-8.142490393528531	-10.76518064250375
6005486029_R03C01	-9.234401297118435	-0.9173277635829543
6005486018_R05C02	-7.722196923178337	-5.93738385161704
6005486021_R05C01	-1.0080131781140491	-8.535941471821516
6042316141_R02C02	-4.428129894709717	4.472748523263351
6005486018_R03C02	-12.047568342610203	6.084044478449733
6042316157_R03C02	-5.48600953966449	8.8831708557342
6005486005_R02C01	-6.286832382132879	10.945968675018712
6005486018_R04C01	-8.12156684313785	-7.754409397025493
6042316100_R01C02	-5.796152174697149	2.5074188545888667
6005486019_R06C02	-11.130975230490138	7.669521111235272
6042324072_R06C02	-8.940939349988149	-9.38592040775786
6026818132_R04C02	-3.978818050767299	-10.557184508422228
6042324037_R04C01	-12.189689410015522	-1.403684005637232
6005486005_R01C01	1.5289913766729137	-0.05889872760000891
6229009066_R05C01	2.84629489663	5.042080112616792
6042324072_R01C01	-0.0451214145295143	-0.676140692659586
6042316141_R05C01	-8.18965987398576	-5.227430291788064
6004791004_R03C02	-12.124946921722769	7.692546799608192
6004791006_R03C02	-6.153131961490473	1.7657939175910395
6057833142_R04C02	-9.705609843956404	4.366966781779001
6057833155_R01C01	-10.658484343093603	-8.535829531384007
6042316141_R01C01	-0.6105998118546175	-12.372570288872323
6004791004_R02C02	-2.8165259921964534	9.97890764801058
6057833155_R02C01	0.6231566007704483	-0.39142212498667184
6057833155_R05C02	-7.455484505109365	0.7186712619374139
6042324006_R03C02	-3.201288829093553	-3.090907345876453
6285633072_R05C02	-1.1086887878970828	1.8040196694049466
6004791004_R02C01	-12.939921909458233	-2.863730502926565
6005486014_R01C02	-7.406271454827223	-11.168978872161366
6229009059_R04C02	-4.699249928129542	5.524837582740883
6004791020_R03C02	-10.03447380058944	-1.8018142559604622
6057833057_R04C01	-0.9373130694098767	-2.56251028719017
7786923105_R01C02	0.9628574822334274	8.746808091457794
6004791010_R04C02	-5.427619887977683	-9.166004926509277
6057833057_R01C01	-10.886555789168218	-9.208505500046368
6026818144_R03C02	0.5530156349894145	-0.4567696212000363
6026818139_R05C02	-13.404871504069117	7.291621209530944
6005486023_R02C01	-12.610388559918896	4.416038648799058
6026818139_R06C01	-7.519330781379135	8.423685975980355
6057833057_R02C02	-8.986558951899806	2.4987260660113013
6004791006_R04C01	-4.671736291319759	1.1752310515983755
6042316141_R06C02	-0.8661019530811256	-4.767477690628985
6285633072_R02C02	3.0848764386677336	6.168489324994728
6057833141_R05C01	-5.976320700161193	10.786864178979428
6229009066_R06C01	-4.7781392720828855	-9.057159449052723
6005486023_R01C02	-5.5038392123032605	10.550032035572775
7786923105_R02C01	1.2110003281428998	-12.081301247019724
6026818135_R03C01	-14.70979195177352	-0.770303992507958
6229009066_R01C02	-3.7246942471779354	3.892676051844044
6005486021_R06C02	-9.9399640867	-4.279202688641874
6042316157_R01C02	-12.00219500464152	9.545985612293462
6057833166_R06C01	-4.257445105965105	-1.0337594899076499
6005486023_R05C01	-9.036148742210665	-8.85178338190454
6026818145_R04C01	11.1611847626951	0.5846293850647433
6004791006_R05C01	-10.900632775683516	-9.194469556273754
6005486013_R05C01	-7.021682600771137	0.2995797238067958
6005486018_R06C01	-4.194687694625345	-9.978121541192273
6042324048_R06C02	4.756008290857272	2.5605321166255144
6005486013_R06C01	10.661306925187686	-0.1895750824714813
6026818135_R04C02	14.724145259355842	6.244137662513627
6057833101_R02C01	13.977983744560554	6.52391958896501
6042324048_R05C01	13.538791695645061	6.79838109457529
6005486013_R04C02	12.99471551056126	-0.8821492266096687
6042316157_R06C02	12.865789108903641	6.366345176588432
6057833155_R06C02	14.249267246888522	6.270929162166304
6042316157_R04C02	12.929020692458044	6.588993036430676
6026818139_R02C02	-1.009248663849795	9.465273893760408
6057833155_R05C01	-13.085458140080501	5.895603239353896
6005486019_R05C02	-11.709468349401254	6.873187223342232
6057833142_R01C02	1.1803515850523485	-11.246839024394509
6026818145_R06C02	-12.948655685725306	4.224722258452396
6026818132_R03C01	-6.199882177107041	-7.785766869778415
6929718043_R03C01	6.728035724399095	9.10767972730307
6042316157_R03C01	3.6776361006946052	11.78826679060198
6042324030_R06C02	2.5604107667451	5.792729391965059
6005486005_R04C02	-2.8223050806297154	-8.288901000757786
6026818145_R01C01	-8.466811755728338	7.073642019334303
6057833134_R01C01	0.7782462798365981	7.430726258252021
6005486014_R06C01	-10.358136873932274	-4.979636424299783
6285633072_R02C01	-13.03882752521017	4.077229554731129
6042316072_R05C02	-0.8064502926284883	11.477412510705598
6026818108_R04C02	-1.5802797704520777	-3.868648676237892
6042324006_R02C02	-1.2127872909257977	12.491559191684576
6042324005_R06C01	-7.495899984102183	-10.942382327013938
6042324030_R03C01	-8.953372359102476	2.237166752710455
6057833141_R05C02	-7.03502028076051	-0.0843646172163321
6057833057_R03C01	-11.995828348233644	9.533205283377258
6057833134_R02C02	-8.277221595213465	0.6202487941733397
6026818102_R05C02	-6.032549144913877	9.566597773873303
6042324048_R04C01	0.08392589280127613	-7.605428953027331
6042316130_R03C01	-5.38592211568479	1.8114543047548834
6026818129_R03C01	-0.6033194972011698	-10.743700744075332
6026818055_R06C01	-11.008824366517013	7.484143011857239
6042324071_R01C02	-3.6159772851551275	-6.74074587633315
6057833142_R04C01	-2.3028836228052203	-9.434268844540671
6057833141_R01C02	-13.858518181085817	2.5499139826281376
6005486029_R02C02	-11.019306189073946	-8.544857674866508
6042324037_R06C02	1.4619249993145746	-12.555416440287365
6004791004_R01C02	-12.760909817732271	8.22594332579033
6026818129_R01C02	-2.83090133804638	-3.2056451039191405
6005486023_R06C01	3.764255426101954	11.661001831428544
6229009060_R04C02	-12.773861783993658	7.685028575243857
6026818102_R06C02	1.279614460674486	-12.494798520410928
6005486017_R02C02	-3.7980050797801024	-6.644702236717061
6042316072_R04C01	-13.901535933678243	2.3731143247404485
6042324035_R03C02	3.8963873618832263	11.771003820965426
6004791006_R06C01	-14.06395664651195	-2.75291351070866
6026818129_R02C02	-13.757949534810919	-2.96126577047383
6042324011_R01C01	3.426781290178484	3.6107830948482964
6042324071_R06C01	-0.19704567009758137	-7.574373681719596
6042324006_R02C01	-1.2542561791071714	12.297015625867616
6026818144_R02C02	-12.749469944811388	-0.23564781271730473
6026818139_R06C02	-2.0523128534965416	-9.786117444132922
6285633072_R04C02	-8.82911921387629	0.3431867301178495
6057833134_R06C01	-4.05200655430665	-6.673324504840379
6026818108_R06C02	-10.060653049961276	3.1486464580447353
6057833101_R05C01	-10.492244938810284	-4.963680766824735
6026818111_R01C02	-10.443597753411133	8.335022119121016
6057833101_R03C02	-5.8924570897487945	2.3888398299082856
6026818102_R02C01	-15.8445024949458	-0.5746206095254995
6042316141_R04C02	-1.8050009126049569	-12.858666689778541
6057833159_R02C02	-9.13127135387627	-7.923145452272379
6026818144_R01C01	-4.139882378215787	-10.510560010529572
6042316130_R05C02	-7.380575695582221	-3.226757405054077
6057833142_R01C01	-2.456236859467319	-8.948171081230965
6005486019_R03C01	-14.58805451444953	-0.13954816139711337
7786923105_R04C02	-12.771519424972736	-2.9938095702110306
6026818128_R02C01	-5.235752019609439	-8.273916470358449
6004791004_R06C02	-0.3328374968020084	-11.683391038355419
6042324005_R02C01	-8.863141746785303	-7.322825902794525
6057833141_R01C01	-2.7138996029852085	-6.6842272360749835
6057833155_R04C01	-8.640280696382119	0.5265354337902175
6026818055_R03C02	-1.1193672727077777	-7.306126071655776
6026818122_R02C01	-5.656494693264025	2.3416087498800535
6005486012_R01C02	-3.2782417200794027	-0.9146662646662294
6042316141_R01C02	-1.8363541931536376	-13.126829665326174
6042324037_R02C02	2.0397692101479676	9.355985911565098
6229009060_R05C01	-0.8362608269968658	-12.095334875588366
6042324006_R04C02	-11.04905284378788	7.4427510848256295
6005486012_R02C02	-5.303860236927044	-8.600974024198324
6005486025_R01C02	1.8427573260634658	-13.37226944283561
7786923105_R05C02	-3.1455186013968706	-6.820524467707034
6005486005_R05C02	-3.673890696630224	-6.748384283442773
6026818129_R05C02	-6.275575975631228	10.027757498103389
6042324005_R03C02	-2.6289495074556943	-6.788816331164476
6929718014_R06C02	-10.60587936279945	4.899743061614152
6929718030_R02C01	-10.52503494446217	8.496017183972345
6026818055_R04C01	-8.436748843453483	-7.2956506397465795
6929718030_R05C01	-12.293603280540683	-1.6171418134885271
6004791006_R03C01	-4.723258345161688	8.353738922957756
6057833142_R05C02	-8.27380791774252	-5.735924617672455
6229009060_R06C02	-5.991391497265287	6.424056107685654
6026818055_R06C02	-6.444333265381884	11.367240734555478
6042324030_R03C02	-14.488511934001494	-0.18311785669654274
6026818139_R03C01	-1.9354107794059843	-9.572025198741219
6057833141_R04C02	-14.45511579125424	1.6799688529525374
6042324006_R06C01	-6.484308321976368	3.806826338455437
6005486029_R06C02	-0.3615946506651193	-9.845416346062205
6229009060_R02C01	-12.128984610559424	3.287874246238177
6004791010_R03C02	2.664174722203511	9.374029517236758
6005486005_R06C01	1.1340243674487223	-11.034141911704793
7786923105_R05C01	-0.6810559077796793	-11.48092108509951
6005486025_R06C02	-15.510388452932721	0.23167114774664657
6042324006_R01C02	-2.7828993096677688	6.620708714895526
6026818145_R04C02	0.12213151243825299	-10.595858918372986
6042324030_R01C01	-4.162261344753688	7.055249655450646
6005486023_R03C02	0.2498873967791344	-9.562541469360019
6005486012_R02C01	-14.428415036040922	-2.386030258369022
6042316157_R05C02	-8.56828035570467	7.025233216714632
6026818128_R02C02	-3.2108826126584766	-7.424914843075027
6026818132_R05C01	-15.180694959567024	-1.559144849240007
6026818132_R03C02	-12.480047623379363	-0.7117343575660742
6026818108_R02C02	-11.549104468008668	5.442683832618569
6042324005_R06C02	-14.4058999329642	-2.336874982245583
6042316072_R04C02	1.371103383803234	-12.671727785930806
6042316072_R03C01	-3.298904463759261	-8.956142792585004
6042316130_R06C01	-1.9714780917283468	-9.855644088937932
6042324071_R01C01	-2.0776245422586754	-9.86365060517183
6026818132_R02C02	-0.4412369103426201	-7.8048923043192895
6005486029_R01C02	-0.4660467485600296	-9.922068344141913
6026818139_R03C02	-11.135880488108054	-3.0862692410092194
6026818128_R06C02	-13.923717409028837	2.5059207138276176
6229009066_R04C01	-5.081549021253564	8.380668795052605
6229009060_R04C01	-0.7871181479185334	6.80939370054528
6005486005_R01C02	-11.093415501493	7.740298321143639
6057833101_R02C02	-13.7151416589837	-2.9508986139663094
6004791004_R01C01	-9.777597140708865	-3.759187350202018
6004791010_R01C02	-0.03917762771748299	-7.964222155204368
6005486029_R03C02	-14.588336611119498	-0.5983808591150243
6042324070_R04C01	1.878487325776522	-13.45244049868276
6026818108_R01C02	-2.5889319823468493	-6.428102835516884
6929718030_R04C02	2.9442906452304647	10.374513462049782
6004791004_R05C01	2.8631496570903567	-6.153155253634384
6057833141_R03C01	6.573264759280706	7.592514264391966
6042324048_R02C01	-9.037196637385172	2.659512334877035
6057833134_R05C01	7.646288323010515	7.002460144908002
6229009066_R02C02	-1.0651653914025756	12.399198989195174
6005486019_R04C01	-2.705781514292233	6.480086155050097
6229009066_R05C02	2.91912551369383	10.036578764254738
6042316072_R02C01	1.445524967104855	4.503074221584358
6929718036_R02C02	6.2205866590576395	-0.16669304745990407
6026818145_R05C01	-2.347111081469094	7.324455447801155
6057833142_R06C01	2.6625974195155657	-6.392977372494597
6004791006_R02C02	3.487714312733452	9.806502977646408
6026818108_R04C01	-13.309952622092382	3.9659971392096254
6229009059_R05C02	5.869762209347089	-0.11786725134325964
6042316157_R05C01	-12.862411840407951	4.2877925739412674
6026818102_R03C01	-6.329052442844872	1.8082158043613041
6026818145_R01C02	-3.412862909883946	-8.860478678386217
6026818102_R01C02	2.8587445936727756	8.818338931837816
6057833155_R02C02	-1.350081431895758	12.337289904328063
6042316106_R01C01	-10.211734847270774	4.440186893020465
6042324037_R03C02	5.43278034533554	-3.2664532708057363
6057833134_R01C02	-1.0853750294412348	11.345503429045268
6005486019_R03C02	-2.4610072553461646	7.3425286356383825
6057833141_R06C02	3.5898603440530805	10.848638929011424
6026818132_R04C01	-2.939078162325648	-0.6954963438361461
6042316072_R05C01	-6.229869637692647	10.448161813722924
6005486014_R06C02	-2.6726045589820218	10.747346206953882
6004791020_R01C02	6.758848371175519	7.356903866667894
7786923105_R03C02	2.133878539878391	3.8351022479065193
6026818128_R04C01	5.069907055380952	-0.8045928571164589
6005486005_R06C02	8.891924794429169	-9.380905931981362
6026818122_R04C02	7.555129888013973	1.0943157806262354
6057833134_R02C01	7.714650690898673	1.7032832286575765
6042324037_R06C01	6.2353287746071535	-6.318898732884026
6042324070_R04C02	8.269158849609985	6.673052312314364
6929718043_R05C01	9.753497164842328	-8.23648322803701
6042316157_R01C01	9.422871099098062	-9.385792446911648
6004791006_R01C01	8.446876678973437	-3.8480120096900885
6229009060_R03C01	7.477626793248581	0.10253699433830848
6004791010_R02C01	9.480622990623457	-6.6598881982828075
6057833142_R06C02	4.642763015752439	-1.368872951044378
6005486018_R02C02	5.096740726919048	-1.0264705290066753
6004791004_R05C02	5.776998467049449	-2.6023803179639597
6229009066_R03C01	9.974708363373251	-9.20363947057357
6004791020_R02C01	9.673622775996693	-7.463787837866917
6057833155_R04C02	7.535939072300699	-10.448509677849874
6042324072_R01C02	7.726109913261913	-7.953496861678855
6042324006_R05C01	7.742772804861596	-10.193707137895725
6026818055_R05C02	10.415016276714645	-9.203803579525713
6042324035_R02C01	7.545706956045628	2.979903767973151
6026818055_R05C01	4.922262945849204	-1.5832456629082887
6042316130_R01C01	7.114793463875466	-11.120976340058007
6057833142_R02C02	8.092833687769792	7.01029739817825
6026818145_R06C01	9.114430908954393	-9.242789800669252
6929718014_R05C02	7.543209272607933	3.118210422987601
6005486018_R01C02	9.11144765839458	-6.361511497963011
6005486029_R01C01	7.686400289580804	2.658596644285633
6057833155_R01C02	8.09689936478668	-7.061775296922566
6026818111_R06C02	8.342842793959719	-9.97308388619819
6004791020_R06C01	8.062916283449587	7.242781771602905
6005486017_R06C01	8.19620371406099	7.064084230671748
6004791006_R01C02	8.391425461239903	8.185178408311394
6057833141_R02C01	9.25984383035247	-6.940730303243198
6057833142_R02C01	8.450749784920642	9.083604787718047
6005486005_R03C01	6.17684415801655	-5.9985975714000785
6042316072_R03C02	5.296123330988931	-4.072394168318072
6026818145_R03C02	8.47817269870423	-3.21755382836181
6229009066_R01C01	8.00916285596118	-7.643837930787542
7786923105_R02C02	7.362437977869947	-10.760320568761077
6042324071_R06C02	8.234051035926088	7.647843810745216
6026818145_R02C02	2.4824795051529875	-6.692540287734366
6042316072_R06C01	8.196760512983108	-9.16936565954291
6026818111_R03C02	8.338203959545883	-2.947764027125036
6042324037_R03C01	7.512216187959623	-0.7462705321178366
6026818108_R06C01	5.008398100540207	-0.9553014514751424
6057833057_R02C01	-3.9712604682081523	7.873145882264722
6005486017_R03C01	7.001029068051011	-11.236641067297938
6057833141_R04C01	8.296475883051299	-1.9261971436178218
6004791010_R02C02	10.059451359614824	-9.201964389084532
6929718036_R05C02	7.051995130432067	-7.857751231311133
6005486012_R04C02	8.351177828304483	-2.3857350756723372
6042324071_R03C01	8.032912479277515	1.822615453436359
6005486018_R03C01	8.026347193347268	-10.006901656419437
6057833155_R06C01	7.736405807472207	-5.466748654301956
6057833142_R03C02	8.008094081934557	-7.081540349141456
6005486021_R03C01	7.578028905060702	-2.5277573277324676
6042316130_R03C02	8.75666403274973	-3.508829769674327
6042324005_R05C01	7.403992526386372	-1.846783820013123
7786923105_R03C01	7.852038224621752	-8.367658361187948
6026818129_R04C02	4.305207876063441	-2.1537888680669526
6004791020_R05C02	8.39937281745764	-6.628114309668259
6042324035_R05C01	6.883743232184234	-11.017854534277449
6042324037_R02C01	7.898012183445795	-2.8626830761358395
6004791020_R02C02	6.200038592080916	-6.15659501511183
6026818108_R05C02	7.884290538290911	-10.140022010063966
6005486018_R01C01	6.281486904573947	-0.26858261265798705
6026818111_R04C01	7.596038869339653	2.686507192442346
6026818108_R02C01	5.919595397821787	-2.823491355822884
6929718043_R04C02	2.803381406154807	-4.656484751518813
6004791010_R04C01	8.407859854395863	9.187958577019941
6005486029_R06C01	7.317639725543806	-10.749648055532933
6042324071_R02C01	6.090579218053956	-1.963249465016514
6057833159_R02C01	8.642778721597	-8.351833258826762
6005486014_R02C01	7.713780810911179	-10.209368595430378
6026818055_R03C01	7.634019121588898	3.0382946573331187
6026818111_R02C01	2.7874069192757123	-6.168338309946886
7786923105_R04C01	7.244325372378289	-10.814127588651854
6005486018_R06C02	5.239115616762956	-2.299335011716902
6005486019_R06C01	7.606911603818661	-5.705252994987874
6026818111_R05C01	8.90578183232615	-5.407303327322079
6057833101_R01C02	6.7210611733142045	-11.0520492296614
6005486029_R05C02	8.703281126090927	-5.063959237092633
6004791004_R04C02	7.647310423696849	-10.15203724004589
6005486023_R03C01	7.7456646818174955	-7.934138214320483
6929742015_R06C01	7.684086862653363	2.3012477196049996
6929718030_R01C02	3.0176691492123977	8.18598477083461
6005486017_R01C02	12.812134618029267	3.6367370307694427
6026818055_R01C01	10.88712459991452	-9.075788456460508
6057833057_R05C01	4.6504276040473265	4.8335919269868315
6042324035_R06C02	7.308913380336114	10.018748189028315
6042316130_R05C01	8.301109417448387	-7.392288545191268
6026818102_R04C02	8.26323213791682	7.569720430078328
6229009059_R06C01	0.18257479986615538	3.616266202610844
6005486005_R03C02	1.162184819853751	8.876729541547359
6042324005_R01C02	3.068773198035542	-5.028154102659114
6026818139_R05C01	15.73637234617795	-2.5201805688326098
6026818111_R03C01	4.666404222187317	3.3004562460025477
6929718036_R06C02	5.060916662700253	2.8005792202960387
6929718043_R05C02	6.688798775767475	9.739513089039338
6026818144_R03C01	13.51357723241387	-2.398394602031106
6005486012_R05C01	6.616416344366127	10.11447596993228
6929718014_R04C02	13.299100730317083	0.10162997666029769
6929742015_R01C02	14.715720659222113	6.097335002916942
6026818144_R05C02	14.643722063925985	4.787117149139276
6042324035_R01C01	14.672565973379191	-1.5469990025263611
6042324071_R05C01	14.095951587177348	1.6809552572175643
6005486025_R02C01	14.521628805532874	6.191349288493381
6026818145_R03C01	15.444514338919173	2.2066580209408415
6042324071_R05C02	13.78942181826965	-1.5098108380728748
6026818144_R06C01	16.290155889991535	1.1830843985937856
6042316157_R06C01	11.909393811478475	5.216356515857055
6042324070_R02C01	15.584748278182783	-1.6138261284454414
6042316157_R02C01	12.890192903911323	6.5270882585778915
6005486011_R02C02	12.221701638949424	4.282866066780149
6042324072_R03C01	13.62748739736062	0.5951743167594507
6026818108_R03C02	15.737462864205432	2.242620364616313
6005486013_R01C02	13.33099091761625	6.974019191457867
6042324006_R03C01	12.041133083515355	5.112306796393569
6042324071_R04C02	14.992863348594037	5.406109272966273
6042324072_R04C02	14.588572132104098	-2.1645475194780377
6005486025_R06C01	13.381766793798922	6.793559594100139
6042324030_R01C02	13.17416221052161	-1.5454155232975966
6005486011_R03C02	13.974489002051657	1.6985566690373977
6042316130_R04C01	14.529302571609714	5.943197481804225
6005486011_R05C02	13.544597733418028	-1.4558248415933228
6057833134_R03C02	14.662361810587553	5.594821204879173
6042316130_R06C02	14.294157774856423	5.987484374855244
6042324005_R03C01	14.07381237206055	4.9258651959005695
6026818135_R05C02	13.70204357190765	4.806129013913778
6042324048_R03C02	13.930549495929254	2.8928340401956634
6042316157_R04C01	12.806152152875736	0.4481428578292865
6057833159_R05C02	14.53398681800219	2.5874516969931007
6026818129_R04C01	12.78760685248538	4.621377821226258
6026818122_R05C02	14.471086491757818	2.4907283333133985
6026818132_R02C01	15.857803465553324	-1.0405929649440464
6005486011_R04C01	14.0088766601314	-0.5766630444990438
6026818070_R01C01	16.00009212593467	-1.5940439046503394
6042324006_R04C01	12.468776896930297	-1.5027030379560227
6005486011_R01C02	14.917603073677686	-2.573631586186958
6026818111_R01C01	13.349317854319638	2.6460131365068937
6005486011_R03C01	13.03485520626536	0.2359526947787865
6005486025_R03C01	13.947899884429143	-1.9704970869065102
6026818144_R01C02	14.655576849812642	-1.7721919414689846
6042324035_R06C01	13.519117552278416	6.139129037330881
6005486013_R06C02	12.644701422135725	0.05551394320378961
6026818102_R03C02	14.066045206604821	4.788443396338355
6005486013_R03C02	13.486236467333795	-2.0265763068537477
6057833134_R04C02	14.512778077225988	0.9087430847376202
6042324006_R05C02	12.662883868346798	5.322109097667924
6005486011_R04C02	13.446804744793655	0.46251403294638993
6057833166_R01C01	13.089489522484717	2.5666588278563007
6005486011_R05C01	10.553104512637141	-0.1581801459213319
6057833101_R06C02	16.03075658723898	-1.857448902948292
6026818111_R04C02	12.36276507376297	2.2064261259840245
6042324035_R05C02	14.77883083024491	2.5994753626084073
6026818144_R06C02	16.29400663787178	1.053265584176176
6042324048_R01C02	14.147733210199101	0.5096290168445583
6042324035_R01C02	13.625241670464737	-2.0145984257758816
6042324070_R01C01	13.857180945763615	-2.2458597230117254
6042324072_R02C02	13.643406696610404	0.01756929451975776
6042324037_R05C01	13.067409578651484	4.408082078547184
6005486013_R05C02	10.31961445418685	0.704224823681184
6026818129_R05C01	15.511080662554045	1.8437230385845043
6042316130_R04C02	16.029984892806908	-1.8687163753552147
6026818139_R01C02	15.95381002819477	1.8689247855637892
6026818128_R03C02	15.083468831085229	2.1582499909014485
6026818129_R01C01	14.13353273180101	3.193865391304952
6005486011_R06C01	13.449080785974083	-1.775873392118552
6005486025_R01C01	14.5691180972479	-1.1881932426346598
6005486011_R01C01	12.97364734860361	0.1660327923875257
6026818128_R06C01	15.738213873169421	2.1101395019421005
9305216132_R01C02	-2.9514840934060977	-0.7447286379286381
6285633051_R05C02	-0.8883258400105545	12.259767040252488
9993943005_R03C02	-2.7834110834302876	7.278093183956614
7796806103_R04C01	-12.017797515634177	-0.25788246861467856
7796806103_R03C01	-8.14767427467073	0.3783438599025905
7796806103_R02C02	-3.209135395773748	-8.961187707579478
9422491072_R04C01	-9.61190730976984	-1.08191887930069
9422491072_R05C02	-9.865843615776349	-9.505709860802767
9422492113_R01C01	-15.585549005327437	0.12228849199781008
9993943005_R01C02	-6.875476880282535	-5.585680170294766
8784241071_R04C01	7.85352088594472	-6.404359026711675
9993943017_R05C02	-14.888080065335563	-1.588525954335471
9305216147_R01C01	-12.998811774518929	-3.1247598782776436
9422491072_R05C01	1.5044924132119075	4.008444828859045
9422492089_R05C02	0.24329442330631618	-10.814913712354176
7796806090_R01C01	8.078009408871072	-6.515977214997849
9422492089_R04C02	7.3519577166105465	0.3951515022840795
7796806109_R03C01	-5.1534053418225385	1.3595978117877479
7796806088_R02C02	8.379871896667272	8.205865821527798
